{
  "density": 6.109934450547885e-05,
  "avg_clustering": 0.0907759214045623,
  "component_count": 36026,
  "node_count": 91589,
  "edge_count": 512529
}