{
  "timestamp": "2026-05-17T03:17:23.159103+00:00",
  "weights": {
    "is_ntlm": 0.35000000000000014,
    "is_network_logon": 0.33333333333333315,
    "is_success_auth": 0.3333333333333333
  },
  "auc": 0.92249988908399,
  "method": "nelder-mead",
  "iterations": 89,
  "converged": true,
  "initial_weights": {
    "is_ntlm": 0.3333333333333333,
    "is_network_logon": 0.3333333333333333,
    "is_success_auth": 0.3333333333333333
  },
  "convergence_reason": "converged",
  "total_time_seconds": 10.050731182098389,
  "feature_names": [
    "is_ntlm",
    "is_network_logon",
    "is_success_auth"
  ]
}