edge_index,score
0,1.0
1,3.3333333333333323e-12
2,1.0
3,3.3333333333333323e-12
4,3.3333333333333323e-12
5,3.3333333333333323e-12
6,3.3333333333333323e-12
7,1.0
8,3.3333333333333323e-12
9,3.3333333333333323e-12
10,3.3333333333333323e-12
11,3.3333333333333323e-12
12,3.3333333333333323e-12
13,0.9533333333333334
14,3.3333333333333323e-12
15,3.3333333333333323e-12
16,1.0
17,0.44000000000000006
18,0.44000000000000006
19,1.0
20,1.0
21,0.44000000000000006
22,0.44000000000000006
23,1.0
24,1.0
25,1.0
