{
  "density": 0.00013450452322102748,
  "avg_clustering": 0.1082424817816597,
  "component_count": 16328,
  "node_count": 28618,
  "edge_count": 110154
}