edge_index,score
0,1.0
1,0.7333333333333333
2,0.7333333333333333
3,1.0
4,1.0
5,0.7333333333333333
6,0.7333333333333333
7,1.0
8,1.0
9,1.0
