{
  "density": 0.00017223549903815408,
  "avg_clustering": 0.049710333936020076,
  "component_count": 5853,
  "node_count": 12488,
  "edge_count": 26858
}