{
  "timestamp": "2026-05-17T02:28:44.751402+00:00",
  "weights": {
    "source_fan_out": 0.6089100158822967,
    "dst_in_degree": -0.0004237183392066287,
    "dst_fan_out_ratio": 0.6143669826359489
  },
  "auc": 0.9321447307396961,
  "method": "nelder-mead",
  "iterations": 115,
  "converged": true,
  "initial_weights": {
    "source_fan_out": 0.3333333333333333,
    "dst_in_degree": 0.3333333333333333,
    "dst_fan_out_ratio": 0.3333333333333333
  },
  "convergence_reason": "converged",
  "total_time_seconds": 5.687764883041382,
  "feature_names": [
    "source_fan_out",
    "dst_in_degree",
    "dst_fan_out_ratio"
  ]
}