{
  "density": 4.9639249056828726e-05,
  "avg_clustering": 0.09164601220506108,
  "component_count": 36031,
  "node_count": 90783,
  "edge_count": 409100
}