{
  "density": 0.0007401496541113394,
  "avg_clustering": 0.0002630897202674892,
  "component_count": 24,
  "node_count": 3983,
  "edge_count": 11739
}