{
  "density": 0.0001420345410991844,
  "avg_clustering": 0.05055089832086102,
  "component_count": 5940,
  "node_count": 10423,
  "edge_count": 15429
}