edge_index,score
0,1.0
1,3.3333333333333323e-12
2,1.0
3,3.3333333333333323e-12
4,3.3333333333333323e-12
5,3.3333333333333323e-12
6,3.3333333333333323e-12
7,1.0
8,3.3333333333333323e-12
9,3.3333333333333323e-12
10,3.3333333333333323e-12
11,3.3333333333333323e-12
12,3.3333333333333323e-12
13,0.7333333333333333
14,3.3333333333333323e-12
15,3.3333333333333323e-12
