{
  "density": 0.0009167589178832669,
  "avg_clustering": 0.0007650984867385491,
  "component_count": 10,
  "node_count": 6337,
  "edge_count": 36809
}