src,dst
C7314,C2109
C22837,C2651
C21061,C585
C8098,C5720
C299,C585
C5156,C585
C9351,C585
C14130,C5720
C1503,C4667
C13076,C625
C110,C5721
C15126,C625
C10843,C625
C13619,C585
C17408,C585
C17182,C612
C9089,C5721
C14833,C5721
C14286,C529
C15453,C585
C8561,C743
C13842,C612
C8595,C5721
C18882,C585
C3430,C585
C18320,C585
C10955,C585
C1450,C5720
C1058,C5721
C2848,C585
C14856,C529
C21312,C754
C10134,C585
C15880,C612
C782,C5463
C7050,C5721
C9853,C5720
C16828,C585
C15193,C5721
C6705,C625
C7050,C5720
C5782,C161
C16565,C5721
C6863,C585
C20496,C585
C8412,C5736
C295,C585
C18731,C5721
C9849,C743
C17039,C5721
C16344,C5720
C149,C625
C8693,C585
C23660,C612
C8066,C585
C10751,C754
C19969,C5720
C1320,C5096
C7006,C5721
C10585,C585
C8169,C2651
C6066,C5721
C7369,C2109
C16301,C3574
C16401,C754
C6375,C5721
C11549,C2109
C9895,C754
C749,C743
C15230,C5721
C6874,C585
C15873,C612
C21174,C2651
C16712,C11366
C19515,C467
C17146,C585
C11733,C5720
C3875,C585
C22987,C5736
C7643,C625
C10156,C743
C19793,C585
C18434,C5720
C1044,C5463
C4474,C585
C6404,C743
C22881,C585
C656,C585
C8908,C5721
C8225,C1065
C19863,C585
C16619,C5721
C22208,C754
C5211,C5736
C6449,C5721
C21853,C754
C15106,C5721
C7418,C585
C3554,C5721
C16291,C1065
C20206,C586
C6839,C5721
C7701,C5721
C16210,C585
C20404,C5721
C13528,C5720
C6645,C1065
C18092,C585
C7830,C5721
C244,C467
C13436,C625
C3282,C5721
C12628,C2109
C1276,C457
C12326,C5720
C1473,C585
C8633,C585
C18771,C585
C13371,C1065
C22944,C585
C15270,C585
C16770,C585
C16125,C585
C18353,C586
C1677,C5720
C7975,C585
C20546,C5736
C14435,C585
C6253,C5721
C20139,C585
C1467,C5721
C11870,C2651
C7354,C5463
C11924,C625
C15526,C5721
C8139,C5720
C739,C585
C5908,C625
C21476,C585
C6290,C5721
C7645,C5721
C9402,C585
C3349,C10506
C18929,C5721
C12242,C5720
C8974,C743
C9159,C585
C11219,C529
C13931,C5720
C1175,C5720
C7221,C5720
C16275,C585
C23297,C754
C13845,C5721
C5751,C743
C16547,C585
C11481,C5721
C1837,C585
C805,C5720
C16512,C585
C22946,C5736
C10634,C743
C12352,C5721
C7595,C5721
C998,C5720
C1097,C1173
C18795,C585
C4137,C1065
C4394,C585
C22546,C754
C118,C5721
C12074,C585
C6765,C585
C291,C2983
C3210,C625
C9024,C1065
C118,C5720
C14683,C612
C21457,C585
C11231,C754
C13433,C586
C1353,C585
C18379,C5721
C12294,C585
C9020,C2651
C3309,C754
C22369,C5720
C21349,C2651
C5910,C2109
C17693,C11861
C16698,C2651
C19130,C5736
C10146,C1065
C18900,C743
C1802,C5721
C106,C5721
C17821,C2651
C16079,C457
C20496,C625
C14529,C754
C679,C5721
C21642,C2651
C10890,C5721
C6480,C612
C776,C585
C767,C5721
C11504,C5721
C18720,C5720
C17716,C5721
C17693,C12816
C339,C5720
C2288,C5721
C150,C585
C17182,C586
C3252,C5463
C333,C5463
C20775,C585
C11609,C743
C10079,C585
C14597,C585
C21748,C612
C17074,C585
C8887,C585
C18558,C5463
C22324,C5721
C17693,C2848
C9469,C5721
C2255,C585
C3450,C585
C19676,C5463
C3098,C585
C10835,C5721
C22253,C612
C21193,C25879
C4407,C5721
C10482,C585
C16758,C5721
C268,C585
C2549,C585
C18306,C9883
C12469,C585
C16162,C5721
C1637,C5721
C11370,C5721
C634,C585
C6979,C585
C5949,C585
C16654,C457
C2521,C15865
C10101,C2651
C3128,C467
C19612,C5721
C1561,C585
C26850,C5463
C20758,C5720
C13519,C5720
C13010,C5720
C813,C2651
C222,C5720
C12354,C585
C17889,C5721
C22830,C5721
C22714,C585
C10204,C585
C12560,C754
C749,C1065
C18464,C585
C11736,C754
C2485,C5736
C8555,C585
C10451,C585
C195,C5721
C1443,C5720
C13744,C585
C7736,C5721
C8966,C5720
C12107,C7298
C5843,C743
C13467,C457
C11001,C743
C693,C585
C962,C529
C958,C625
C1372,C585
C1070,C5720
C19961,C585
C20744,C4784
C735,C2109
C19499,C612
C12831,C585
C19757,C585
C17744,C743
C6456,C585
C11057,C5720
C18977,C3065
C8741,C5721
C10846,C585
C10380,C612
C20188,C586
C16239,C5720
C8272,C5720
C16387,C5720
C13318,C529
C1248,C5721
C12078,C3574
C21527,C585
C5500,C5736
C8847,C585
C1059,C5720
C17119,C2651
C19088,C585
C9574,C625
C1289,C743
C6717,C5721
C11755,C5721
C19603,C5736
C1251,C46
C9591,C585
C13610,C5721
C8198,C5721
C6409,C5463
C6003,C2651
C625,C3049
C9451,C585
C9564,C585
C751,C585
C16375,C5720
C7168,C743
C12269,C743
C23080,C706
C17693,C2346
C17804,C585
C6389,C5721
C7812,C5720
C10823,C5721
C19183,C467
C17133,C585
C6598,C612
C12517,C585
C22666,C5720
C670,C585
C18815,C5721
C2164,C5721
C386,C1065
C21612,C754
C22516,C585
C7256,C1875
C18880,C5720
C17137,C5721
C7113,C2651
C6251,C5721
C13090,C585
C712,C625
C6242,C5721
C12175,C585
C13659,C585
C11817,C585
C7146,C585
C17693,C15170
C17693,C11225
C1457,C5721
C1611,C1763
C8924,C5721
C8169,C743
C20735,C612
C18016,C2651
C667,C1065
C16038,C5721
C3833,C4784
C2255,C625
C16241,C585
C10364,C3245
C300,C625
C20023,C5721
C15882,C585
C7786,C2651
C1540,C585
C9068,C585
C22865,C5721
C8213,C585
C16033,C528
C412,C585
C494,C585
C15468,C2109
C3194,C585
C12302,C586
C9671,C5721
C16356,C585
C10039,C585
C13121,C5721
C8657,C625
C281,C585
C20229,C5720
C17262,C585
C6600,C467
C3993,C585
C7129,C5720
C22540,C754
C13146,C585
C21913,C5720
C17552,C585
C7444,C585
C6606,C585
C17781,C5721
C18500,C585
C8348,C585
C12604,C585
C1291,C5720
C3268,C5721
C1556,C1065
C7900,C5720
C20429,C585
C21493,C5721
C9776,C5721
C13665,C5721
C13441,C467
C12968,C5721
C15721,C585
C18698,C585
C11557,C2651
C14644,C5721
C683,C585
C9799,C585
C19505,C5721
C12987,C585
C19560,C2109
C10716,C2109
C6935,C2109
C20570,C585
C19533,C5721
C8320,C5721
C10837,C625
C12985,C5720
C10460,C5721
C8591,C585
C11621,C743
C6548,C585
C10636,C585
C1463,C625
C3762,C2109
C16040,C5721
C6754,C467
C7958,C5721
C241,C5720
C4775,C585
C8766,C585
C13916,C2109
C11496,C625
C10666,C5721
C10024,C5721
C6810,C743
C11374,C612
C9289,C5721
C14568,C5721
C20546,C467
C7174,C5721
C18690,C5721
C17693,C21587
C3890,C625
C16712,C16784
C11001,C1065
C18438,C585
C19711,C4784
C11138,C585
C8287,C5721
C19083,C457
C12430,C585
C9116,C754
C20017,C5721
C16316,C5721
C9886,C585
C14967,C5721
C9026,C585
C1574,C5720
C661,C586
C13323,C1065
C5561,C5721
C7978,C585
C13455,C5721
C13007,C5721
C15652,C625
C244,C457
C13007,C5720
C18082,C625
C521,C2651
C9020,C743
C12206,C5721
C14922,C585
C18471,C585
C2372,C585
C8820,C5720
C14334,C585
C22543,C754
C23694,C5721
C2734,C585
C597,C612
C6783,C5721
C17870,C5463
C18099,C5721
C17249,C5721
C17718,C585
C13298,C5720
C18099,C5720
C9453,C585
C6467,C625
C15376,C754
C22756,C467
C16258,C5720
C6865,C529
C12606,C585
C7822,C5721
C9281,C2109
C11910,C5721
C20995,C585
C16775,C2651
C19047,C5721
C132,C754
C15552,C612
C21495,C585
C19580,C625
C4079,C5720
C7697,C5721
C973,C585
C6931,C2109
C7697,C5720
C207,C5463
C8431,C457
C13074,C467
C938,C5721
C9082,C625
C21734,C5720
C1008,C2109
C7633,C5720
C13657,C585
C1086,C5720
C9657,C585
C14884,C5721
C17792,C5720
C7215,C743
C14581,C5720
C829,C585
C13942,C5721
C11811,C585
C2057,C15865
C4034,C585
C8169,C1065
C18142,C5720
C11127,C585
C16262,C585
C3596,C5720
C11457,C586
C6627,C585
C18351,C5721
C6949,C3245
C20501,C585
C19970,C754
C6524,C5721
C16182,C5721
C10415,C585
C6737,C1065
C17096,C585
C18067,C754
C19025,C5463
C869,C5721
C3784,C585
C7618,C5721
C21491,C5721
C14930,C5720
C8282,C5721
C18043,C743
C16919,C5721
C13201,C5720
C7398,C1065
C17297,C5721
C8565,C5721
C20151,C5721
C8082,C457
C831,C612
C7800,C5721
C9990,C5721
C9095,C5721
C11888,C5720
C10847,C585
C21418,C5720
C7647,C585
C15993,C585
C3503,C585
C19821,C5721
C18923,C585
C25072,C585
C12298,C457
C1097,C1056
C1865,C585
C6071,C5721
C912,C585
C12854,C585
C13903,C5721
C22222,C5721
C21714,C585
C5802,C11159
C1796,C754
C14015,C754
C7398,C529
C23084,C2651
C21399,C5720
C13225,C5721
C937,C585
C671,C585
C7501,C5721
C7989,C5721
C8960,C586
C17348,C585
C20125,C754
C11843,C5720
C12461,C585
C17165,C585
C10109,C585
C20250,C457
C2299,C467
C16318,C585
C2837,C585
C7014,C585
C11421,C585
C12111,C5720
C8673,C612
C16537,C585
C14848,C529
C16405,C586
C15003,C586
C17309,C5720
C6761,C1065
C12889,C586
C214,C1056
C22809,C5721
C17392,C585
C19183,C743
C11354,C5721
C11622,C5720
C22452,C5720
C11298,C5721
C12116,C585
C9774,C5721
C14595,C5721
C12751,C5721
C11501,C585
C11625,C5721
C9676,C457
C1020,C2651
C24386,C5721
C10371,C586
C2812,C5721
C17837,C1065
C3777,C5736
C9647,C586
C11122,C2109
C6544,C585
C7824,C612
C19852,C585
C1690,C585
C9937,C5721
C17693,C5850
C16369,C586
C10407,C5720
C16816,C5720
C9766,C5721
C13372,C585
C7416,C585
C20340,C585
C9142,C585
C20242,C5720
C8681,C754
C1227,C5721
C14539,C5736
C7666,C585
C20197,C585
C18632,C585
C5901,C5720
C19511,C5721
C6381,C5721
C228,C5721
C11233,C585
C21529,C754
C23154,C585
C6967,C1922
C5983,C585
C17526,C5736
C1322,C743
C19932,C5720
C14168,C1065
C11332,C5721
C11711,C5721
C6878,C5721
C9914,C585
C2378,C5720
C16867,C5721
C3748,C5720
C12038,C612
C5243,C585
C16841,C5720
C6600,C743
C16328,C5721
C18584,C5720
C12649,C585
C6304,C5720
C16706,C5721
C19737,C585
C20707,C5721
C8458,C467
C7036,C585
C12024,C585
C14467,C585
C3471,C2651
C571,C2008
C13952,C529
C6924,C585
C20848,C5720
C8437,C5721
C6542,C585
C21402,C5720
C9643,C585
C23223,C585
C21653,C585
C1350,C585
C12960,C585
C1349,C467
C11912,C5720
C13001,C585
C10999,C5721
C17866,C585
C9842,C5721
C17131,C4784
C18357,C585
C21711,C2651
C22283,C9883
C934,C5721
C3865,C585
C14441,C5721
C7964,C5721
C1467,C1065
C14374,C585
C22714,C5463
C13254,C754
C9491,C2651
C13335,C585
C17363,C2109
C1883,C585
C17792,C612
C5910,C1015
C15675,C585
C9309,C612
C1899,C585
C8464,C5721
C17090,C754
C3282,C529
C18550,C5721
C19501,C585
C1825,C2651
C2548,C2651
C6652,C585
C19391,C585
C8517,C5096
C7320,C585
C20954,C5721
C1320,C5463
C26975,C2651
C8073,C5721
C9220,C743
C803,C5721
C3682,C5721
C6253,C529
C13979,C625
C11841,C585
C6415,C3574
C4864,C585
C8780,C585
C1538,C3774
C6619,C585
C18613,C5721
C12550,C5721
C9270,C585
C794,C1065
C11539,C5721
C11496,C5463
C11539,C5720
C166,C585
C7256,C9883
C17993,C585
C11461,C5721
C230,C5721
C9072,C5721
C17235,C5721
C6137,C585
C20141,C457
C17693,C21356
C4262,C5721
C13845,C529
C9347,C5721
C15872,C529
C13923,C5721
C12757,C5721
C9105,C585
C12757,C5720
C10925,C754
C10136,C5721
C3424,C585
C11171,C585
C9755,C5720
C8974,C2109
C1875,C754
C23594,C5721
C1616,C612
C12616,C2109
C13121,C743
C1442,C585
C22756,C743
C8385,C5721
C14856,C754
C1096,C5721
C17566,C612
C7664,C5720
C8810,C754
C15368,C754
C17127,C9883
C15397,C5720
C20431,C585
C19050,C529
C6497,C585
C5352,C585
C15232,C5721
C8060,C5736
C2633,C585
C3151,C2651
C14591,C5721
C13467,C5826
C17334,C5721
C13981,C585
C5967,C585
C17693,C391
C2095,C585
C12323,C5721
C5802,C11238
C7672,C585
C16498,C2021
C4939,C754
C18562,C585
C12792,C5721
C311,C5721
C11796,C5721
C955,C5463
C21932,C585
C8350,C585
C10299,C5721
C1040,C5721
C21138,C5721
C7135,C585
C10301,C585
C10321,C585
C1040,C5720
C22925,C5720
C7402,C585
C7916,C585
C22953,C5721
C14283,C585
C5401,C585
C18906,C585
C12343,C585
C11362,C5721
C2347,C1173
C1507,C754
C7564,C5721
C1027,C585
C18418,C585
C12684,C585
C12080,C5720
C9423,C743
C3542,C625
C19412,C5721
C18339,C5720
C23029,C5720
C13827,C585
C22583,C754
C7258,C585
C18664,C5721
C22852,C2651
C9152,C2109
C16204,C5720
C18664,C5720
C8287,C743
C810,C1065
C22774,C585
C8117,C585
C4837,C585
C304,C585
C16616,C22397
C9918,C5721
C12964,C5720
C376,C5463
C22634,C5463
C12240,C754
C10978,C5721
C16488,C585
C3611,C586
C15154,C585
C1730,C467
C16202,C585
C17872,C625
C95,C754
C3828,C5721
C13772,C585
C15,C585
C22027,C586
C7281,C5721
C17662,C585
C17397,C529
C1195,C585
C6173,C585
C13920,C529
C22820,C2651
C11484,C743
C6663,C5463
C10933,C5721
C14764,C754
C10933,C5720
C20212,C754
C11875,C585
C6653,C5721
C9091,C585
C11523,C5720
C6548,C5463
C6673,C5721
C7237,C754
C7936,C585
C6367,C585
C11246,C5720
C13606,C5720
C14827,C585
C16894,C5721
C17286,C612
C461,C612
C21995,C585
C18371,C5721
C1116,C585
C11775,C5736
C10138,C612
C7180,C5720
C22738,C585
C5787,C18654
C10520,C585
C6983,C5721
C5554,C9883
C6227,C5720
C15763,C5463
C17420,C754
C10358,C585
C17792,C586
C2174,C54
C10208,C1277
C9416,C585
C2846,C5720
C2048,C585
C7720,C612
C17996,C457
C13610,C529
C3120,C585
C20621,C5720
C5746,C18266
C10607,C5720
C346,C457
C1303,C20738
C14092,C585
C206,C585
C9238,C5720
C16700,C585
C15694,C5721
C15602,C5721
C18353,C585
C12133,C2109
C1073,C585
C16461,C585
C14987,C625
C12720,C2651
C12076,C586
C12189,C2651
C18676,C585
C15729,C754
C13212,C585
C9978,C5720
C14599,C754
C19221,C585
C7359,C585
C18416,C5720
C7235,C457
C9493,C2109
C10311,C5721
C4535,C585
C53,C585
C17019,C5721
C22762,C5721
C17881,C585
C33,C5721
C9343,C5721
C7794,C5721
C21298,C585
C12798,C366
C13981,C625
C8260,C529
C313,C5721
C6242,C529
C16251,C5721
C1503,C448
C13576,C529
C9568,C2651
C51,C5721
C18566,C5720
C21856,C585
C10309,C585
C12636,C5720
C11134,C743
C17713,C457
C8919,C586
C8293,C585
C7131,C585
C8827,C585
C13691,C585
C11395,C585
C21399,C586
C3292,C5721
C11669,C585
C5929,C457
C853,C2109
C653,C5721
C17566,C586
C1037,C585
C11167,C585
C420,C585
C13653,C585
C10508,C5721
C22454,C585
C12362,C5463
C17761,C5721
C9974,C625
C22432,C1065
C18959,C585
C11827,C754
C11021,C5720
C18672,C585
C19778,C585
C1349,C743
C21542,C754
C21464,C5720
C9749,C585
C4767,C2651
C17162,C585
C7950,C5721
C7438,C585
C7379,C457
C12061,C467
C11768,C743
C270,C5721
C2557,C625
C12391,C625
C13842,C585
C22294,C528
C13311,C2651
C18063,C9883
C1477,C2225
C17693,C1401
C1411,C5721
C16033,C1065
C2548,C743
C21415,C529
C21095,C625
C18361,C5720
C15880,C585
C8155,C585
C22513,C5721
C999,C5463
C6363,C1065
C9512,C5721
C9704,C5721
C17693,C16234
C8458,C457
C8127,C5721
C11292,C743
C8127,C5720
C16138,C5721
C18813,C585
C10005,C467
C542,C5721
C14206,C5463
C15345,C5720
C17825,C5720
C10964,C2109
C5975,C585
C5309,C586
C10256,C585
C7174,C529
C2532,C585
C18644,C754
C11484,C1065
C11665,C1821
C6633,C585
C11213,C5721
C7748,C5720
C19278,C585
C3145,C5721
C8802,C585
C15765,C585
C7760,C5721
C22716,C2519
C19544,C743
C19105,C5720
C1192,C5463
C15862,C585
C19524,C585
C2873,C5736
C11088,C5721
C5364,C5721
C2434,C612
C876,C467
C1623,C5720
C8248,C585
C14561,C585
C13475,C585
C7822,C1065
C7718,C5721
C4812,C5721
C22897,C1065
C18423,C467
C7608,C2651
C152,C612
C16436,C585
C9498,C586
C910,C585
C7206,C585
C15168,C612
C629,C5721
C1608,C2651
C12920,C2651
C13086,C585
C3071,C585
C13248,C5720
C11153,C5721
C23049,C754
C14132,C5721
C19040,C585
C16379,C457
C10555,C585
C22090,C5720
C10552,C585
C10523,C1065
C1379,C585
C463,C5721
C7432,C585
C7822,C529
C16224,C5720
C18298,C612
C6505,C585
C16650,C586
C7869,C585
C1410,C743
C9319,C5720
C21606,C5720
C16875,C743
C7075,C5720
C8361,C585
C11719,C2651
C12885,C754
C8015,C5720
C11661,C5720
C14322,C5721
C19797,C5720
C290,C2109
C18184,C529
C20135,C612
C13497,C585
C19503,C625
C2461,C1065
C684,C2651
C10595,C585
C3680,C5721
C20614,C5720
C16249,C585
C3680,C5720
C6306,C585
C49,C585
C20434,C754
C15038,C5720
C18326,C5720
C12434,C585
C14683,C585
C379,C1003
C996,C585
C12857,C5463
C10061,C585
C10101,C2109
C20371,C1065
C847,C2983
C8258,C585
C66,C5463
C7375,C5721
C18566,C612
C21711,C1065
C640,C5720
C1344,C585
C7392,C5721
C11466,C5720
C19112,C5721
C19354,C5721
C620,C5721
C7483,C585
C2842,C5720
C14526,C585
C7560,C2651
C7782,C5721
C11461,C743
C5782,C20338
C21758,C585
C9072,C743
C3636,C5721
C6480,C585
C6469,C585
C17235,C743
C22157,C754
C16642,C5720
C13849,C5721
C9996,C585
C12367,C5721
C17351,C754
C19038,C585
C11398,C612
C13239,C743
C22911,C585
C12623,C5720
C19489,C585
C705,C585
C1279,C585
C15852,C5721
C6203,C1065
C12403,C2109
C16704,C586
C809,C5720
C19127,C586
C8996,C585
C1898,C585
C15214,C612
C12852,C5463
C14130,C585
C12808,C5721
C10442,C5721
C6973,C467
C6635,C5721
C15304,C754
C13555,C5736
C11292,C1065
C64,C467
C9252,C585
C7521,C585
C18398,C5721
C17151,C754
C12189,C743
C18462,C586
C18359,C5721
C14625,C467
C10167,C743
C8025,C5721
C8582,C5720
C12244,C5720
C11928,C5721
C19033,C585
C22769,C5721
C6203,C529
C898,C743
C13086,C625
C10060,C585
C9853,C585
C17340,C2519
C17993,C5463
C11492,C754
C19402,C5720
C6431,C5721
C7734,C743
C100,C5721
C20114,C585
C7914,C585
C11292,C529
C8454,C743
C8846,C5721
C18787,C5721
C742,C5721
C559,C585
C16344,C585
C18819,C5721
C18908,C5720
C390,C5463
C9741,C585
C14418,C5721
C9004,C5720
C367,C585
C21052,C5721
C661,C585
C2347,C1056
C242,C585
C14251,C585
C8021,C612
C16381,C5720
C1568,C585
C6767,C743
C13983,C585
C20846,C585
C11677,C5720
C10187,C585
C21279,C5463
C10380,C585
C12786,C754
C636,C5721
C43,C5721
C8034,C612
C4267,C5721
C822,C754
C11733,C585
C12566,C754
C879,C5721
C13158,C5721
C444,C5721
C13985,C5721
C13918,C2109
C14876,C585
C7622,C467
C1305,C504
C16373,C5721
C1159,C585
C12004,C585
C19735,C743
C17693,C14455
C19154,C585
C11009,C754
C17211,C585
C8659,C5721
C1590,C585
C12135,C5721
C11340,C5721
C18369,C5721
C138,C1056
C6001,C5720
C13528,C585
C9537,C754
C18984,C5463
C3546,C5721
C9197,C585
C59,C585
C10607,C586
C19253,C5721
C15672,C754
C6931,C4682
C17356,C625
C7089,C529
C21917,C585
C740,C585
C12822,C5721
C21076,C585
C12048,C585
C6983,C743
C22710,C528
C19920,C5720
C1993,C5721
C8211,C457
C16678,C1065
C15122,C467
C16878,C585
C19791,C585
C8139,C585
C16247,C2651
C18910,C585
C6897,C5721
C9188,C585
C1426,C2511
C11242,C5721
C12242,C585
C7285,C586
C8310,C585
C6883,C743
C13931,C585
C14506,C5721
C7221,C585
C20274,C585
C7030,C5720
C10005,C743
C14194,C585
C19382,C5721
C6707,C457
C19515,C754
C998,C585
C12864,C5721
C11258,C5721
C6169,C5721
C7780,C2651
C7742,C5720
C15380,C5720
C13713,C585
C10311,C743
C18495,C585
C12981,C585
C3059,C529
C15163,C5720
C20166,C585
C1319,C1763
C14152,C5720
C16616,C5720
C16712,C16547
C13542,C5721
C19632,C5721
C154,C586
C17682,C5721
C9364,C5721
C13262,C5721
C11039,C467
C12387,C5720
C12904,C743
C18401,C754
C13574,C5720
C876,C743
C10760,C457
C7597,C2651
C22903,C467
C18423,C743
C19452,C625
C9311,C5721
C9311,C5720
C10121,C5721
C19985,C366
C12178,C585
C339,C585
C56,C5721
C9061,C754
C13570,C5721
C318,C2651
C14816,C5721
C14351,C586
C14356,C585
C22933,C754
C7448,C2511
C8859,C5721
C614,C5721
C9032,C5721
C11035,C5721
C19589,C5721
C2254,C22397
C11035,C5720
C12323,C1065
C16405,C585
C7709,C585
C7859,C585
C9902,C5463
C1550,C743
C995,C754
C2162,C5721
C7407,C5721
C8517,C5463
C6901,C585
C12406,C5720
C947,C585
C7970,C5721
C16399,C5721
C14988,C5721
C19282,C585
C11374,C585
C18139,C5721
C7316,C585
C23164,C5720
C1388,C585
C3762,C5720
C10480,C585
C19424,C585
C22554,C754
C13070,C585
C14465,C743
C19166,C586
C4083,C585
C14470,C5736
C16784,C612
C16070,C2174
C13179,C585
C20199,C5721
C5511,C5721
C13585,C5721
C1325,C585
C1443,C585
C8799,C754
C6385,C585
C1987,C612
C5334,C585
C1991,C457
C6417,C585
C16426,C5721
C699,C5720
C12463,C585
C8034,C586
C18489,C457
C12744,C585
C19838,C585
C18729,C5721
C14235,C1065
C1209,C5720
C18239,C2109
C18599,C5721
C16179,C2109
C7519,C585
C18835,C585
C6986,C585
C7564,C529
C8873,C5721
C3344,C585
C1089,C2983
C19092,C5721
C11057,C585
C3862,C5721
C684,C457
C13724,C5721
C9875,C743
C2567,C754
C11213,C743
C6625,C457
C1245,C5720
C11378,C585
C6775,C467
C13258,C5720
C9749,C5463
C19697,C612
C7760,C743
C754,C19
C15868,C5721
C3179,C1065
C1415,C5721
C14051,C585
C19857,C9883
C20195,C754
C22228,C754
C3854,C585
C162,C585
C15707,C5721
C7635,C5720
C11631,C585
C6415,C4784
C15196,C457
C20731,C2109
C4,C585
C15171,C612
C21432,C754
C14134,C585
C2536,C5721
C17160,C2651
C19636,C5720
C16782,C5720
C14532,C585
C3660,C585
C6973,C743
C14451,C2651
C5802,C15727
C7188,C5463
C6931,C5720
C28,C5720
C6785,C5721
C7192,C5720
C14317,C5720
C18880,C585
C1008,C5720
C15276,C5720
C12046,C743
C1915,C5720
C19063,C585
C5817,C2174
C17693,C20744
C17554,C5721
C21394,C754
C6643,C612
C17554,C5720
C21650,C5721
C10311,C1065
C8960,C625
C22094,C5721
C11013,C7298
C7119,C5720
C16930,C585
C16748,C5721
C13705,C457
C1423,C743
C6347,C585
C16383,C5463
C12236,C5736
C1036,C5721
C12369,C743
C11511,C5721
C831,C585
C9409,C2651
C3436,C2008
C16251,C1065
C18444,C5720
C10133,C5736
C122,C467
C13234,C5721
C896,C585
C200,C457
C8515,C585
C1465,C5720
C11296,C457
C19867,C2651
C9871,C5721
C3256,C2651
C16610,C5721
C5536,C5720
C15670,C5720
C12945,C585
C10727,C5721
C22591,C5721
C14746,C2109
C10353,C5721
C18144,C585
C18998,C5721
C9641,C5720
C12122,C585
C12313,C5721
C19040,C5463
C7577,C585
C19705,C585
C22291,C2651
C312,C5721
C16251,C529
C7790,C585
C17815,C586
C10753,C743
C22380,C754
C1503,C585
C1310,C585
C19610,C5721
C16277,C529
C6584,C585
C6736,C585
C15117,C754
C2891,C5721
C8673,C585
C7229,C585
C13268,C585
C20908,C5720
C5931,C585
C388,C5721
C21814,C3574
C12590,C5721
C14980,C5721
C13107,C5721
C1352,C5721
C19266,C5721
C12985,C585
C10839,C1065
C15307,C5721
C20667,C625
C17693,C1971
C19111,C5720
C8157,C585
C16684,C529
C9283,C5721
C16026,C5720
C865,C2651
C10719,C5721
C7975,C3245
C11101,C5720
C17786,C585
C16243,C5463
C7824,C585
C9057,C5721
C6438,C585
C5015,C467
C1652,C5720
C4936,C2651
C823,C5721
C12947,C5720
C6935,C612
C16784,C586
C10566,C5721
C9968,C5721
C12267,C625
C21182,C18266
C842,C5721
C10620,C457
C3387,C5721
C1411,C529
C17013,C5721
C14364,C625
C18857,C5721
C16150,C5721
C13920,C754
C6537,C2651
C18244,C754
C19641,C5721
C17693,C20746
C19160,C743
C12759,C754
C7826,C585
C19432,C5721
C7707,C5721
C317,C585
C18182,C585
C12873,C754
C16845,C5720
C10152,C585
C10872,C585
C15174,C625
C1796,C586
C6110,C585
C17897,C585
C17849,C5721
C13068,C585
C19938,C585
C19697,C586
C17890,C467
C3611,C585
C14537,C585
C13907,C467
C13610,C754
C13298,C585
C234,C5721
C7509,C585
C24055,C585
C22027,C585
C8585,C5721
C16,C585
C8589,C26405
C21950,C754
C10764,C743
C9487,C2651
C6287,C585
C8842,C585
C4869,C529
C10962,C5721
C25,C2109
C342,C3468
C16535,C5721
C22066,C585
C11948,C625
C6365,C5721
C19191,C585
C12402,C5720
C8661,C5721
C13088,C5721
C182,C5721
C1503,C2438
C8661,C5720
C11858,C467
C8776,C585
C394,C457
C19990,C5721
C704,C585
C6703,C743
C1490,C5721
C21910,C5736
C13030,C5720
C11257,C467
C17792,C585
C9345,C585
C8659,C743
C12416,C585
C3178,C754
C2968,C5721
C18142,C585
C15540,C9883
C24626,C5721
C333,C5721
C19134,C585
C19703,C585
C20681,C612
C742,C2021
C22171,C5721
C8893,C5721
C13553,C612
C11607,C5721
C12399,C743
C11567,C5721
C7192,C612
C11964,C5721
C1016,C5721
C21983,C585
C17366,C612
C19292,C743
C2428,C754
C19572,C5721
C17363,C5721
C9545,C625
C12451,C5721
C1459,C5721
C13940,C5721
C12451,C5720
C12076,C585
C77,C5721
C14930,C585
C9524,C585
C8597,C585
C17693,C19582
C16395,C5721
C8076,C585
C19434,C5720
C20530,C5721
C19972,C585
C7705,C5721
C18596,C5720
C8444,C585
C1588,C5721
C25760,C754
C771,C5721
C19114,C2109
C9070,C754
C23158,C528
C13627,C585
C18405,C585
C9242,C2109
C1064,C585
C623,C585
C4217,C585
C20980,C5463
C19709,C585
C8052,C467
C12453,C5463
C13937,C1065
C19499,C2026
C2263,C5463
C12552,C5721
C7208,C5721
C14649,C585
C10089,C5721
C5632,C754
C10821,C743
C10827,C586
C4100,C457
C12486,C5721
C1410,C2109
C602,C743
C1464,C5721
C19096,C5463
C10163,C585
C12059,C585
C6192,C366
C10701,C585
C380,C3065
C16150,C2008
C14722,C5720
C16825,C1065
C14781,C585
C2301,C5721
C498,C2008
C5921,C5721
C18283,C585
C17566,C585
C21507,C5721
C22432,C754
C11843,C585
C10445,C625
C9692,C467
C13078,C467
C9368,C5721
C11629,C457
C10049,C5721
C891,C5721
C16601,C585
C17682,C743
C8974,C5720
C24687,C2021
C7774,C5720
C211,C585
C2039,C4682
C5751,C5720
C11105,C5096
C13371,C612
C1146,C5721
C10634,C5720
C10833,C467
C14621,C585
C17693,C22275
C2053,C743
C11896,C612
C22452,C585
C16825,C529
C18979,C743
C12812,C9883
C12347,C5826
C22412,C2651
C5458,C5721
C10646,C585
C21216,C5721
C9668,C5721
C9833,C5721
C14083,C2109
C6583,C585
C6115,C5721
C12506,C5721
C13150,C5720
C14309,C5720
C8768,C467
C10016,C5736
C19660,C5736
C987,C5720
C20356,C754
C11741,C2511
C15252,C2651
C17926,C467
C20080,C5721
C6338,C585
C14988,C743
C16070,C754
C19191,C625
C17823,C18057
C10677,C5721
C1775,C5721
C20453,C2651
C8768,C2651
C1541,C5721
C20242,C585
C20733,C5721
C1139,C15865
C9864,C585
C133,C754
C9481,C5720
C6181,C585
C12395,C5721
C26952,C3574
C327,C2651
C7750,C5721
C8100,C5721
C8849,C5721
C18558,C2651
C11600,C5721
C20869,C5721
C10762,C585
C11609,C5720
C3384,C585
C14555,C585
C15126,C5721
C11757,C585
C7771,C5721
C7260,C585
C11587,C585
C6799,C467
C19225,C585
C12290,C5721
C8800,C585
C13158,C1065
C6135,C585
C12531,C5721
C18270,C585
C9814,C585
C3748,C585
C7211,C5721
C14356,C5463
C16528,C5721
C32,C5721
C14856,C586
C15124,C585
C1261,C754
C8207,C467
C21949,C5720
C7093,C5721
C17378,C585
C16164,C5721
C22997,C5720
C10432,C5721
C7734,C2109
C8834,C529
C13314,C5721
C11987,C585
C8659,C1065
C12778,C5721
C18640,C5720
C7328,C24135
C3495,C467
C14544,C5720
C13333,C5721
C4109,C5721
C1736,C585
C14483,C528
C18442,C5721
C19481,C5721
C25685,C17640
C5902,C23778
C9498,C585
C10083,C5720
C12334,C585
C11671,C754
C4284,C457
C12399,C1065
C10612,C5721
C16686,C5720
C1884,C585
C12,C625
C11851,C585
C11912,C585
C13158,C529
C7720,C585
C16409,C5720
C22681,C5721
C735,C529
C12515,C5721
C890,C625
C16377,C754
C19823,C585
C4944,C585
C10366,C754
C14003,C5721
C7192,C586
C7100,C5721
C16715,C585
C16760,C585
C8659,C529
C12328,C5721
C19556,C5720
C2254,C5720
C18002,C5826
C16650,C585
C9053,C585
C8211,C2109
C11303,C743
C218,C585
C9274,C5720
C9386,C5721
C14220,C5463
C13890,C5720
C8563,C5721
C1511,C585
C749,C612
C12133,C5721
C19359,C585
C9412,C585
C868,C5721
C602,C1065
C22483,C529
C2292,C1003
C8589,C5721
C6846,C585
C12913,C5463
C11781,C366
C617,C5721
C10900,C754
C11033,C5721
C10909,C5720
C9493,C5721
C23680,C5721
C509,C5721
C2658,C585
C20371,C754
C21499,C5721
C13836,C585
C2321,C1065
C13260,C585
C12292,C754
C14734,C585
C9359,C585
C17693,C2651
C21711,C754
C7168,C5720
C14514,C5720
C19587,C5721
C15468,C1065
C13998,C457
C8875,C5721
C1400,C5721
C5791,C529
C19685,C585
C17595,C2651
C11099,C5720
C9755,C585
C4159,C2651
C16291,C586
C7677,C5721
C1477,C5721
C8749,C585
C2637,C5721
C6883,C2109
C10843,C467
C5971,C585
C10658,C5721
C8526,C585
C18005,C743
C13629,C529
C8404,C5721
C13570,C1065
C10293,C5721
C8868,C585
C10169,C5721
C14471,C5721
C14722,C612
C5002,C585
C11210,C612
C13175,C585
C11646,C585
C614,C1065
C9956,C5721
C21436,C585
C1000,C585
C17693,C396
C4523,C585
C1440,C743
C22907,C586
C9128,C585
C8784,C9883
C17693,C20125
C2039,C5721
C8825,C5721
C1011,C754
C2039,C5720
C22656,C585
C10711,C585
C10355,C585
C11257,C743
C388,C743
C14980,C743
C7683,C5720
C18542,C5721
C5491,C585
C576,C5463
C5802,C18043
C920,C5720
C625,C315
C12939,C585
C7009,C585
C19560,C529
C12071,C754
C14988,C529
C16171,C585
C9024,C586
C10684,C585
C930,C5721
C12228,C529
C11858,C457
C6098,C585
C19083,C5721
C16835,C5721
C3762,C529
C8450,C585
C9711,C585
C18607,C585
C5004,C585
C15438,C585
C2150,C5720
C5785,C457
C8052,C743
C14757,C743
C1050,C585
C20616,C26737
C23021,C585
C19889,C585
C13283,C586
C1497,C5720
C2484,C5721
C197,C754
C1857,C2109
C19438,C5720
C3886,C3065
C1508,C1065
C16996,C612
C6129,C585
C20791,C754
C8793,C585
C13216,C5721
C7816,C5721
C17738,C2109
C1704,C585
C838,C585
C14465,C2109
C6810,C5720
C21147,C457
C7836,C5721
C11246,C585
C8873,C529
C2602,C5721
C9692,C743
C18512,C5720
C6949,C2109
C20011,C625
C13142,C5736
C12002,C5721
C8668,C585
C11924,C467
C12002,C5720
C6213,C2651
C21762,C5721
C189,C457
C5908,C467
C17693,C26814
C13990,C585
C6383,C5720
C17266,C5721
C18298,C585
C7361,C585
C1863,C5720
C7505,C585
C19356,C585
C4417,C5720
C962,C586
C8535,C5720
C18165,C585
C10607,C585
C10,C585
C18601,C585
C761,C585
C5944,C5721
C7087,C585
C18318,C585
C21349,C5720
C21036,C754
C19534,C585
C7111,C5721
C5815,C585
C90,C5720
C5843,C612
C19057,C585
C13277,C5721
C2565,C5721
C9649,C5721
C17693,C25144
C450,C754
C10616,C5721
C11643,C625
C12371,C5721
C7121,C457
C7285,C585
C1051,C5721
C6189,C5721
C673,C585
C23133,C24512
C12519,C585
C6793,C585
C9617,C585
C9040,C585
C10360,C5721
C16704,C625
C9064,C585
C19127,C625
C22753,C754
C290,C5721
C6865,C612
C290,C5720
C12580,C585
C15744,C743
C20496,C467
C13807,C585
C12909,C585
C16748,C529
C830,C754
C18566,C585
C6617,C585
C10058,C585
C8754,C5720
C9753,C585
C21902,C5720
C10033,C5721
C8082,C5721
C11159,C586
C9982,C585
C742,C2983
C17920,C585
C19436,C585
C22168,C585
C6453,C5720
C8030,C5463
C6799,C743
C13956,C5720
C14722,C586
C13844,C585
C11398,C585
C8207,C743
C1186,C585
C1253,C5721
C6022,C5721
C23237,C585
C322,C754
C22108,C5721
C15809,C585
C14980,C1065
C10579,C585
C422,C585
C11021,C585
C7185,C5721
C7127,C585
C137,C5721
C12716,C529
C10455,C5721
C26306,C754
C9810,C5721
C18013,C5721
C4299,C5721
C19168,C2651
C14554,C585
C9368,C743
C395,C15213
C12057,C5721
C19834,C625
C17122,C5721
C9258,C585
C16289,C754
C11872,C585
C10303,C5721
C6576,C5721
C5780,C585
C180,C585
C7952,C3065
C12745,C612
C13205,C743
C19827,C3774
C4942,C585
C11527,C5721
C15384,C5721
C15939,C529
C16125,C467
C1584,C585
C17306,C754
C17119,C5720
C8327,C585
C14527,C754
C2914,C585
C10901,C585
C958,C467
C12050,C585
C9676,C5721
C6177,C5721
C1318,C5721
C19764,C585
C6115,C743
C15345,C585
C11514,C5721
C6003,C5720
C1370,C2651
C19166,C585
C296,C366
C11576,C743
C1993,C2983
C4071,C9883
C9107,C585
C15321,C754
C958,C2651
C6725,C625
C10118,C22400
C16547,C467
C8322,C5721
C13072,C585
C6843,C585
C954,C585
C9572,C5721
C8034,C585
C22758,C2651
C11412,C5721
C3568,C5721
C19059,C5720
C1556,C586
C19290,C2109
C12798,C5721
C19105,C585
C16275,C2651
C7464,C5721
C12107,C4784
C1110,C585
C7285,C625
C18068,C1065
C6590,C743
C16087,C612
C10843,C743
C6945,C5720
C10512,C457
C18292,C5720
C11562,C5721
C14692,C743
C3067,C5721
C19957,C5721
C13248,C585
C8375,C585
C5828,C754
C13680,C5720
C9709,C5721
C25554,C5720
C7668,C5721
C13918,C5721
C20569,C585
C10345,C585
C14670,C5721
C20025,C585
C7786,C5720
C13164,C5720
C16308,C5720
C13343,C2109
C5818,C9883
C11260,C5463
C1845,C743
C9399,C585
C10283,C467
C13028,C585
C8763,C585
C10307,C585
C23181,C754
C18977,C754
C6705,C743
C22010,C2983
C17693,C17420
C11435,C5736
C6328,C585
C1090,C585
C15462,C5721
C12628,C585
C2255,C467
C11394,C5721
C9319,C585
C3163,C586
C8831,C5721
C8278,C5720
C11650,C585
C149,C743
C16939,C585
C10283,C2651
C18624,C5720
C21606,C585
C17768,C585
C19019,C585
C19458,C585
C4120,C5721
C9176,C585
C18518,C5721
C8941,C754
C11472,C457
C13382,C5720
C21814,C4784
C6255,C5720
C13698,C585
C10697,C5720
C6031,C5721
C6799,C1065
C10743,C585
C19780,C5826
C18597,C5721
C6909,C5720
C15038,C585
C12640,C2109
C18326,C585
C6703,C2109
C6990,C2651
C6979,C2651
C19580,C5721
C7818,C5721
C12177,C5721
C18468,C5721
C8787,C585
C7918,C585
C6535,C457
C22050,C585
C50,C625
C217,C754
C13574,C2174
C19189,C5721
C980,C5721
C22102,C2519
C2842,C585
C19462,C585
C23047,C585
C18935,C754
C18454,C5721
C20860,C754
C18785,C467
C10837,C467
C18151,C585
C7456,C585
C21782,C467
C18947,C585
C14233,C585
C16897,C5721
C21942,C585
C6257,C5721
C6517,C585
C16478,C5721
C17815,C585
C12623,C585
C8009,C529
C11165,C754
C8331,C585
C13136,C5721
C22682,C5721
C20137,C5720
C2521,C5721
C11924,C743
C809,C585
C10907,C585
C11118,C5721
C16827,C754
C1725,C5720
C9199,C2651
C7544,C5721
C10169,C743
C16048,C754
C23158,C1065
C21216,C1065
C16734,C5721
C9857,C457
C6737,C586
C10821,C2109
C13874,C467
C20817,C585
C12218,C585
C4369,C5721
C9368,C529
C17829,C585
C19643,C5721
C19350,C585
C16079,C529
C12616,C529
C20520,C467
C17823,C529
C15441,C625
C8696,C585
C7398,C586
C11639,C5721
C1055,C5463
C13811,C5720
C18475,C1065
C16784,C585
C13899,C754
C20664,C2651
C16270,C2021
C8184,C585
C23030,C585
C20662,C585
C7240,C5721
C22665,C585
C16032,C754
C6887,C5721
C17693,C12205
C9462,C585
C6308,C5721
C15900,C585
C9122,C5721
C5744,C5721
C9502,C585
C22756,C5720
C11348,C585
C9004,C585
C17957,C585
C6590,C1065
C8472,C5721
C13748,C585
C7693,C585
C21061,C457
C16381,C585
C20496,C743
C9635,C2109
C19324,C467
C9246,C5720
C7487,C5720
C21481,C585
C7381,C585
C18979,C2109
C18141,C5721
C7687,C585
C3194,C1922
C13467,C1065
C9366,C585
C17968,C743
C19825,C5463
C8964,C3574
C1012,C585
C13074,C5720
C11890,C5720
C762,C5721
C4193,C586
C5787,C20667
C11831,C754
C1840,C585
C21909,C5721
C19697,C585
C1301,C5721
C1650,C585
C8100,C529
C18239,C5720
C18004,C585
C16360,C5721
C19183,C612
C21823,C231
C19481,C1065
C852,C2651
C23286,C585
C7728,C5721
C6273,C5721
C8172,C5721
C254,C585
C8172,C5720
C1366,C585
C12620,C5721
C10650,C5721
C6001,C585
C216,C585
C6361,C457
C9904,C5721
C14169,C2651
C14882,C585
C291,C585
C18698,C467
C9698,C585
C2086,C585
C13191,C5721
C20552,C743
C20731,C5721
C8365,C585
C10682,C5721
C5778,C743
C18147,C585
C20429,C2651
C11623,C5721
C17186,C4784
C6643,C585
C2819,C585
C17974,C754
C10118,C22398
C7054,C5720
C14262,C585
C23084,C5720
C22410,C2651
C14557,C1065
C10936,C585
C346,C5721
C18628,C5721
C8921,C585
C1087,C585
C2024,C5721
C5834,C585
C7030,C585
C14176,C585
C13920,C612
C18386,C5721
C10603,C585
C810,C612
C6631,C5721
C20119,C585
C11125,C754
C12263,C5720
C6787,C585
C13937,C754
C13436,C1065
C773,C5721
C15556,C743
C7235,C5721
C18837,C5721
C7418,C457
C15380,C585
C16673,C754
C256,C585
C14557,C529
C6010,C5720
C1158,C5720
C15163,C585
C5580,C585
C13829,C585
C9764,C585
C12397,C5721
C7460,C585
C1716,C754
C9044,C585
C10827,C585
C13813,C754
C1532,C2651
C8180,C2109
C7396,C754
C16125,C457
C9919,C585
C11598,C585
C2619,C754
C8234,C585
C10169,C1065
C14025,C754
C974,C5721
C6144,C5721
C16656,C5721
C755,C5721
C6330,C5463
C7871,C5096
C7462,C585
C17368,C5720
C7934,C585
C20785,C585
C17870,C1065
C272,C585
C801,C5721
C10976,C585
C1467,C586
C9159,C457
C5574,C5721
C6721,C585
C3916,C585
C9516,C585
C12699,C585
C976,C2651
C14453,C585
C13979,C5721
C11459,C5720
C23099,C585
C18994,C585
C712,C743
C16547,C457
C6425,C743
C11950,C5721
C10939,C585
C9453,C2651
C10561,C754
C10293,C529
C9220,C612
C10169,C529
C7073,C5721
C1382,C1763
C21993,C5721
C19697,C625
C12406,C585
C9098,C5720
C20413,C5721
C21993,C5720
C247,C457
C6935,C585
C6231,C5721
C12021,C5721
C1089,C5720
C8433,C5721
C7379,C5721
C17693,C1593
C829,C467
C12091,C5721
C13003,C5721
C7854,C22397
C1058,C3139
C12638,C5096
C7446,C585
C1387,C5721
C8906,C5721
C6797,C585
C18310,C529
C283,C585
C6387,C585
C232,C5096
C15057,C754
C19083,C1065
C10081,C1065
C21337,C5826
C6460,C5721
C19086,C5720
C699,C585
C19297,C754
C15324,C585
C18988,C585
C13799,C585
C1015,C585
C19122,C3574
C19256,C3574
C1489,C2651
C7178,C585
C6521,C743
C7156,C5721
C19168,C1065
C1426,C585
C7156,C5720
C2255,C457
C11376,C5721
C13018,C5721
C8069,C585
C13166,C2109
C19667,C585
C9253,C585
C15961,C5720
C1245,C585
C21315,C5721
C9776,C612
C2047,C585
C355,C5721
C18785,C743
C10707,C585
C19272,C5720
C2057,C5721
C7997,C5721
C66,C5721
C9908,C2109
C22432,C612
C21056,C5720
C7635,C585
C10990,C5721
C18783,C585
C6081,C5721
C6249,C585
C13364,C5720
C17867,C5720
C11496,C743
C8982,C5721
C6489,C5721
C6917,C2511
C13362,C5721
C14842,C7298
C19636,C585
C649,C612
C3890,C743
C19848,C743
C14106,C585
C14095,C5720
C6051,C585
C1135,C612
C16379,C5721
C1543,C585
C2347,C1003
C6269,C585
C6931,C585
C13553,C585
C7192,C585
C14317,C585
C20552,C529
C6763,C754
C9694,C5463
C1569,C585
C15276,C585
C20520,C743
C17693,C24719
C1192,C2651
C1980,C5721
C5782,C22226
C22698,C467
C15652,C743
C20013,C5720
C8416,C5721
C7105,C5720
C15296,C9883
C13730,C625
C18806,C5721
C18682,C529
C7448,C585
C7409,C585
C13391,C5721
C23048,C754
C11366,C612
C7674,C5720
C8544,C5721
C6495,C585
C18444,C585
C18747,C585
C13629,C754
C9250,C5721
C1030,C467
C21692,C585
C1465,C585
C5418,C585
C11065,C5721
C3318,C585
C8082,C1065
C1630,C5721
C6467,C743
C8611,C585
C14486,C625
C5536,C585
C12201,C5720
C16441,C5720
C15575,C5720
C14744,C529
C1925,C5720
C19324,C743
C9242,C5721
C12125,C5721
C18313,C5721
C11637,C467
C503,C585
C18779,C5721
C22710,C754
C10670,C5720
C19580,C743
C20455,C2651
C16492,C457
C8768,C2109
C6153,C5721
C15832,C754
C17105,C754
C22824,C5721
C18436,C5720
C9718,C5721
C13486,C457
C1410,C5720
C17891,C5720
C10307,C5463
C6594,C5721
C17926,C2109
C980,C743
C16291,C585
C7722,C5721
C16875,C5720
C15198,C5721
C8082,C529
C12917,C2651
C8550,C5721
C16177,C5721
C20908,C585
C21081,C5720
C1445,C585
C9317,C585
C6645,C585
C15432,C1065
C13555,C754
C23769,C5720
C17614,C529
C1268,C585
C10678,C585
C22852,C5720
C1197,C5720
C11650,C5463
C13371,C585
C1230,C1065
C6242,C586
C12298,C529
C12596,C5721
C788,C754
C8329,C5721
C17602,C585
C7514,C5720
C11356,C5720
C6729,C1922
C11013,C3574
C14229,C585
C16026,C585
C12960,C467
C919,C754
C11101,C585
C21102,C754
C14530,C5721
C19673,C585
C17693,C13142
C1649,C585
C6123,C585
C11944,C585
C12947,C585
C9737,C5721
C22685,C5721
C22912,C1883
C22820,C5720
C20250,C529
C281,C457
C14083,C5721
C12432,C5721
C2949,C5721
C1230,C529
C6521,C1065
C10992,C5720
C20781,C585
C16555,C467
C4137,C585
C1130,C467
C12726,C5721
C9024,C585
C2368,C5721
C13239,C5720
C9389,C5720
C9270,C1922
C12533,C5720
C16845,C585
C6229,C585
C22001,C5720
C19086,C612
C18533,C585
C858,C585
C9477,C5721
C590,C467
C9776,C586
C6339,C5721
C13646,C5721
C19978,C585
C13646,C5720
C7200,C5721
C18833,C5721
C11496,C1065
C11321,C612
C13205,C2109
C8641,C5721
C9560,C457
C9307,C585
C7320,C2008
C10488,C5721
C12720,C5720
C909,C585
C8308,C5721
C10488,C5720
C17390,C5721
C11841,C2651
C8561,C585
C3890,C1065
C18498,C5721
C510,C5721
C20971,C528
C2548,C612
C13874,C1065
C17620,C5721
C9923,C585
C7123,C585
C13426,C5721
C15051,C754
C3891,C5721
C645,C457
C12402,C585
C20520,C1065
C10779,C2109
C8209,C2189
C16305,C5721
C15527,C5721
C9562,C585
C21723,C585
C9339,C5721
C3728,C5720
C18409,C5720
C11292,C612
C331,C504
C15530,C585
C9849,C585
C18520,C625
C2039,C2855
C22336,C585
C9313,C5720
C2462,C1056
C343,C585
C14922,C457
C1668,C585
C20218,C585
C23815,C467
C12941,C5721
C18658,C5721
C9506,C5720
C18694,C5721
C13416,C585
C233,C754
C20563,C2109
C4977,C585
C749,C585
C874,C585
C1567,C5720
C7854,C4682
C11484,C586
C13318,C585
C20084,C743
C1389,C467
C10301,C467
C11472,C2109
C19434,C585
C10156,C585
C22106,C2651
C22914,C5721
C15491,C5720
C22875,C2651
C2291,C585
C7310,C1065
C19735,C5720
C6507,C585
C16871,C585
C13687,C585
C13352,C5721
C10394,C5721
C2826,C5720
C12448,C467
C23077,C2651
C9134,C5721
C8452,C585
C6535,C2109
C6707,C5721
C3907,C1065
C6566,C612
C20966,C5720
C607,C585
C19139,C467
C22897,C586
C20442,C625
C16814,C5720
C15236,C5720
C18975,C625
C10583,C5721
C1112,C504
C19396,C585
C22492,C5720
C7258,C2651
C15317,C743
C14722,C585
C2300,C5721
C20616,C529
C8373,C5721
C1074,C754
C1410,C612
C19189,C529
C7059,C585
C10503,C585
C24084,C528
C10760,C5721
C20265,C585
C13156,C754
C21170,C5720
C2410,C585
C819,C5721
C395,C20416
C10221,C754
C445,C585
C18466,C5721
C5751,C585
C22275,C529
C23118,C5720
C18615,C585
C10634,C585
C20069,C5721
C1099,C5736
C19643,C1065
C12347,C2651
C23275,C5736
C2420,C5721
C20269,C754
C13979,C743
C6939,C585
C3279,C585
C18420,C20724
C2461,C586
C13150,C585
C8192,C585
C14603,C5721
C987,C585
C15705,C5720
C8836,C2651
C13171,C585
C6834,C2511
C667,C585
C20420,C5721
C11071,C5720
C11502,C5720
C18900,C585
C710,C457
C18420,C23139
C1633,C5720
C9416,C2651
C9933,C585
C10946,C754
C19643,C529
C12091,C743
C13452,C3299
C15032,C5721
C10741,C585
C11461,C612
C9481,C585
C15795,C5721
C395,C16976
C9855,C5720
C11462,C5721
C945,C5721
C1602,C457
C12445,C585
C948,C5721
C7703,C5721
C1030,C743
C20889,C5720
C20104,C1065
C17678,C5721
C11609,C585
C856,C5721
C18676,C2651
C1211,C549
C13124,C754
C12682,C5721
C7346,C585
C16256,C585
C1991,C5721
C16549,C5721
C3173,C5721
C7542,C754
C3642,C5721
C10022,C625
C6963,C585
C19578,C5721
C21519,C5721
C19578,C5720
C21949,C585
C22210,C5720
C8472,C529
C6758,C2008
C9533,C585
C1857,C5721
C2035,C585
C18346,C5736
C17911,C5721
C12189,C612
C10067,C612
C10362,C5720
C6192,C5721
C7229,C3245
C21185,C2651
C2586,C5721
C13750,C5463
C6192,C5720
C20858,C5721
C420,C467
C15800,C5721
C6473,C585
C9931,C5721
C17964,C5721
C19692,C585
C13386,C5698
C16179,C529
C17693,C10805
C355,C743
C898,C612
C14465,C5720
C20273,C585
C16409,C585
C7416,C457
C17800,C5721
C7734,C612
C6361,C2109
C6949,C5720
C18576,C585
C6283,C5721
C1292,C754
C19178,C5721
C8448,C5721
C11437,C5721
C19503,C467
C16850,C5720
C13933,C5720
C10199,C5720
C5208,C5721
C2831,C585
C2254,C585
C11405,C5721
C17168,C467
C5843,C585
C11001,C585
C7798,C5721
C3542,C743
C22863,C5736
C22033,C5720
C7002,C2109
C10759,C754
C11248,C5721
C10796,C5721
C9904,C529
C9274,C585
C6767,C612
C18749,C585
C18893,C754
C1663,C743
C16052,C585
C13890,C585
C12085,C585
C15880,C467
C616,C612
C16243,C5721
C22671,C585
C10572,C743
C7854,C5720
C5924,C2109
C25685,C5721
C9165,C2651
C10557,C5721
C6865,C585
C10071,C5721
C6566,C586
C7235,C1065
C18809,C5720
C8344,C585
C20919,C5720
C1289,C585
C15897,C5721
C1093,C467
C11388,C754
C1130,C743
C10909,C585
C13705,C5721
C18634,C5720
C4341,C585
C14235,C612
C7497,C585
C10819,C2109
C1305,C1173
C9637,C5721
C18332,C5720
C13266,C585
C12960,C457
C7168,C585
C1611,C2983
C12269,C585
C19270,C5721
C14514,C585
C3407,C754
C20764,C585
C2695,C5721
C19270,C5720
C590,C743
C20361,C5463
C625,C15005
C19607,C585
C2844,C5720
C200,C5721
C6893,C585
C11741,C585
C19081,C5721
C12654,C754
C158,C5721
C20627,C585
C47,C5721
C8119,C5721
C14374,C457
C23090,C706
C21201,C585
C9479,C585
C15414,C585
C21963,C5721
C2971,C754
C18580,C5721
C8713,C585
C11574,C5721
C11319,C5721
C9966,C585
C11553,C5720
C14028,C529
C401,C5720
C17693,C15057
C395,C29
C4929,C585
C1089,C448
C9370,C5721
C10529,C585
C9950,C743
C12120,C5721
C12478,C585
C17713,C529
C6883,C612
C22085,C5721
C8169,C585
C19049,C585
C11943,C5720
C14687,C457
C11734,C585
C8270,C754
C20065,C5736
C10005,C612
C5929,C529
C14296,C754
C886,C585
C8964,C4784
C21452,C18266
C9276,C754
C20866,C5721
C12091,C1065
C8038,C754
C7887,C585
C17377,C585
C22878,C5720
C16627,C585
C6765,C2109
C8441,C467
C23048,C706
C17425,C2109
C2608,C5721
C395,C1151
C8,C2109
C10311,C612
C913,C5721
C10790,C529
C2095,C743
C6859,C457
C19782,C529
C1389,C743
C17315,C5721
C11637,C1065
C12904,C612
C10301,C743
C485,C5720
C8264,C585
C16330,C5721
C502,C5720
C13736,C5721
C2920,C585
C12091,C529
C18821,C585
C10620,C5721
C1141,C5721
C5076,C5463
C712,C2109
C20185,C5463
C8244,C5721
C986,C5721
C14775,C585
C2150,C585
C16278,C585
C10419,C2651
C22885,C754
C10964,C585
C1829,C5721
C9495,C585
C983,C2651
C4981,C5721
C7085,C5720
C150,C2109
C1834,C585
C12448,C743
C1319,C5721
C11781,C5721
C5720,C11661
C6733,C5720
C1194,C5721
C5540,C585
C7871,C5463
C19139,C743
C9974,C743
C14523,C5720
C12189,C586
C6413,C743
C22969,C754
C10167,C586
C10245,C754
C15996,C1065
C19290,C5721
C8486,C2109
C1550,C612
C1726,C5721
C19290,C5720
C8504,C5721
C17356,C467
C6865,C625
C6810,C585
C2557,C743
C22277,C5720
C12391,C743
C2855,C754
C16744,C2651
C6093,C5721
C9,C5720
C20089,C585
C15429,C585
C1107,C585
C871,C585
C8595,C585
C12438,C5721
C11313,C585
C10839,C612
C8047,C585
C14110,C585
C363,C585
C18428,C585
C8511,C585
C11645,C9883
C835,C457
C18282,C5720
C21758,C2651
C7170,C754
C6899,C1065
C7564,C586
C10572,C1065
C18586,C5720
C6767,C586
C394,C5721
C9020,C585
C17895,C5721
C6060,C585
C21349,C585
C12320,C585
C17872,C1065
C12998,C5721
C16698,C585
C13746,C5721
C13362,C529
C17039,C585
C1645,C1065
C17821,C585
C18785,C2109
C21787,C5721
C7637,C5721
C10486,C5721
C16379,C529
C8544,C1065
C12030,C5721
C1721,C585
C1103,C585
C18572,C754
C4872,C5721
C282,C1065
C8246,C457
C4872,C5720
C18341,C585
C9875,C612
C8992,C5721
C6375,C585
C157,C754
C18132,C5721
C3065,C585
C395,C13764
C15965,C5721
C9091,C457
C21801,C754
C10069,C5721
C17872,C529
C411,C5720
C19474,C5721
C16822,C585
C9902,C743
C7760,C612
C23276,C5736
C7144,C467
C17879,C612
C8754,C585
C10150,C5721
C8306,C5720
C13593,C585
C13992,C625
C8908,C585
C8926,C585
C16619,C585
C16058,C2109
C6703,C5720
C20206,C457
C1251,C3574
C13956,C585
C7215,C585
C7993,C585
C12810,C5721
C19373,C5721
C7701,C585
C4100,C5721
C7214,C585
C4100,C5720
C19114,C529
C18353,C457
C11149,C5736
C650,C5721
C13896,C5721
C1277,C529
C14682,C585
C19292,C5720
C12137,C585
C22402,C2651
C1089,C2189
C7004,C5721
C14848,C625
C9950,C529
C9336,C5721
C10357,C5721
C2209,C585
C22812,C5720
C8685,C585
C23072,C5720
C18043,C585
C185,C1065
C1471,C5721
C10014,C5721
C19199,C743
C8905,C743
C3650,C585
C7788,C585
C21298,C457
C13279,C5721
C16241,C2109
C1371,C5721
C9527,C5721
C1198,C5721
C940,C5736
C12118,C5721
C220,C5720
C11936,C5720
C10728,C612
C15378,C5721
C6018,C5720
C9285,C585
C19881,C5720
C15268,C467
C17119,C585
C1377,C585
C8756,C5720
C9089,C625
C12448,C1065
C209,C5721
C5224,C5721
C9542,C5721
C9974,C1065
C2850,C2651
C15737,C5721
C11457,C467
C6003,C585
C18941,C5721
C20684,C5721
C2955,C5720
C21389,C18266
C21159,C5721
C15268,C2651
C18379,C585
C2044,C2651
C6775,C5720
C21159,C5720
C17111,C585
C16983,C585
C6393,C5721
C18537,C585
C9954,C4784
C7050,C625
C1093,C743
C16206,C585
C13937,C612
C21787,C22400
C16447,C5720
C1730,C529
C16803,C625
C17192,C5721
C10543,C5721
C14451,C5720
C106,C585
C12484,C585
C528,C2951
C9578,C5720
C17833,C5463
C19059,C585
C17039,C625
C8308,C1065
C21800,C3065
C7113,C585
C18225,C754
C9635,C5721
C17082,C529
C13842,C457
C19183,C585
C17716,C585
C18678,C585
C3333,C585
C10154,C5721
C9357,C5721
C9700,C3574
C1304,C5721
C10434,C5721
C14377,C5721
C14216,C5721
C22324,C585
C15753,C743
C9469,C585
C15905,C5720
C14714,C585
C5811,C529
C15180,C5721
C76,C5720
C23188,C5720
C7991,C754
C6318,C5721
C17163,C5720
C7786,C585
C18827,C585
C18348,C585
C9599,C5721
C2510,C5720
C18800,C625
C19612,C585
C19787,C2651
C2816,C585
C11061,C5720
C11883,C612
C12722,C625
C10675,C5720
C13360,C5721
C19160,C612
C22169,C706
C847,C585
C6477,C5721
C11787,C585
C17693,C708
C16955,C5721
C17800,C743
C15873,C457
C11727,C585
C11198,C585
C18624,C585
C8441,C743
C21030,C5720
C3342,C5720
C1322,C585
C9226,C5721
C20509,C585
C1329,C5721
C7736,C585
C20844,C5721
C18986,C743
C22778,C2651
C13382,C585
C8248,C457
C10173,C585
C6600,C585
C23211,C2651
C17633,C529
C6255,C585
C10697,C585
C5787,C20539
C18763,C3574
C1284,C585
C1442,C366
C18894,C5721
C6707,C1065
C8211,C529
C5909,C743
C9540,C467
C1248,C585
C22859,C585
C8062,C5721
C296,C5721
C865,C5720
C21621,C585
C16790,C5721
C214,C3468
C7873,C5721
C1375,C585
C12927,C5721
C12502,C5721
C13158,C612
C11755,C585
C7367,C5721
C8198,C585
C11334,C5720
C4083,C2651
C9093,C5721
C15836,C5721
C1305,C1056
C9093,C5720
C7828,C585
C6703,C612
C10966,C5721
C8426,C5721
C10601,C585
C21583,C585
C22303,C5736
C16071,C2174
C87,C5720
C7869,C457
C463,C586
C6707,C529
C20347,C2651
C321,C585
C5778,C1527
C18101,C5736
C289,C5721
C17356,C743
C8180,C5721
C20137,C585
C6522,C5721
C2164,C585
C6480,C743
C19292,C612
C19107,C585
C12913,C2651
C17137,C585
C11783,C585
C9220,C585
C2655,C2109
C1725,C585
C10728,C586
C8719,C5721
C22375,C1763
C22483,C612
C22300,C5721
C7802,C5721
C6242,C585
C16018,C5721
C20505,C5721
C395,C15859
C454,C5721
C10760,C529
C14678,C585
C12773,C743
C21176,C1065
C1151,C754
C9758,C5721
C1255,C585
C21776,C5736
C16038,C585
C15516,C585
C3912,C612
C13264,C467
C13811,C585
C20023,C585
C15272,C467
C11145,C585
C15174,C467
C8335,C5721
C9487,C5720
C1923,C5721
C14526,C457
C20077,C5721
C6889,C754
C11863,C585
C19664,C585
C710,C2109
C9671,C585
C11029,C754
C11741,C5463
C1207,C5720
C18005,C5720
C13121,C585
C2635,C585
C18063,C5721
C499,C5720
C22486,C5720
C3501,C585
C1386,C585
C22956,C1065
C7863,C585
C236,C754
C27137,C5721
C13225,C5096
C6913,C5720
C705,C457
C7144,C743
C18407,C5721
C17781,C585
C15572,C5721
C19452,C743
C11858,C5720
C14451,C612
C11890,C585
C21493,C585
C9776,C585
C453,C467
C532,C585
C733,C585
C17678,C529
C7556,C585
C11585,C4784
C19533,C585
C13638,C754
C13166,C5721
C13350,C585
C9170,C5720
C9418,C5721
C16040,C585
C15104,C457
C17841,C5721
C11883,C586
C3143,C1065
C22471,C5721
C12345,C5720
C10118,C22397
C16354,C366
C10666,C585
C21147,C5721
C10024,C585
C3556,C743
C11681,C5721
C7970,C612
C14988,C612
C16033,C585
C3745,C2651
C9621,C585
C1567,C2189
C11405,C1065
C14549,C5721
C10251,C585
C16520,C585
C3992,C5721
C8287,C585
C9820,C5721
C5981,C5720
C352,C5736
C1849,C5721
C22869,C585
C112,C5721
C180,C3245
C7685,C585
C189,C5720
C10043,C5721
C15366,C5720
C15295,C2109
C10291,C5720
C8745,C5721
C20660,C754
C19499,C457
C12923,C585
C16054,C1065
C12665,C5721
C314,C5721
C17167,C754
C16545,C5720
C17150,C585
C13455,C585
C14694,C1065
C16062,C2109
C12206,C585
C9914,C2109
C11733,C457
C9248,C5721
C11946,C585
C11405,C529
C23694,C585
C11484,C585
C4909,C585
C22536,C585
C10123,C585
C18514,C5721
C17693,C12599
C20539,C743
C10751,C5736
C12263,C585
C9992,C5720
C1014,C5463
C7121,C5721
C4254,C2109
C6783,C585
C12500,C5720
C13576,C625
C9692,C5720
C5904,C2174
C16054,C529
C14519,C754
C6924,C2109
C799,C585
C12,C5721
C5847,C585
C16638,C5721
C16869,C5721
C10445,C467
C6598,C457
C16901,C5721
C686,C5721
C13621,C5721
C7000,C5720
C1020,C585
C985,C457
C8086,C5720
C1178,C585
C19047,C585
C5020,C585
C12149,C5721
C19400,C585
C22700,C585
C19292,C586
C6458,C585
C1747,C5721
C16260,C754
C13248,C3245
C8768,C5720
C9378,C5720
C15797,C5721
C13942,C585
C20203,C1065
C11992,C5721
C10523,C585
C275,C754
C13883,C467
C18731,C5463
C7227,C5721
C8698,C754
C8295,C585
C17464,C5721
C6524,C585
C19204,C5721
C9098,C585
C22107,C585
C8058,C585
C8506,C5720
C1089,C585
C11134,C585
C11368,C14122
C17297,C585
C10116,C754
C20151,C585
C17512,C5721
C22781,C5721
C7144,C1065
C571,C585
C21024,C5721
C19134,C467
C3156,C5721
C12889,C743
C18421,C585
C19078,C2008
C26850,C5720
C12202,C529
C17693,C5746
C15075,C585
C15333,C754
C11082,C585
C8908,C5463
C20201,C754
C9028,C585
C19821,C585
C21337,C2651
C8519,C585
C16056,C467
C8032,C5720
C5742,C5721
C381,C585
C5908,C706
C18041,C585
C1213,C5720
C19934,C3574
C16369,C743
C19830,C529
C7989,C585
C544,C585
C1349,C585
C14967,C625
C20984,C585
C252,C5721
C1202,C5721
C9910,C754
C14897,C5720
C1440,C612
C10620,C529
C8843,C754
C10289,C5721
C21132,C585
C1825,C585
C12164,C5721
C127,C585
C20638,C5720
C2548,C585
C21054,C5721
C3223,C5721
C8962,C5720
C6290,C5463
C6271,C585
C13205,C5720
C26975,C585
C18929,C5463
C9862,C5721
C22761,C754
C8861,C585
C11290,C5721
C20363,C5720
C1616,C467
C17636,C5721
C11354,C585
C742,C448
C11298,C585
C9647,C457
C9774,C585
C16712,C15792
C12751,C585
C13364,C585
C14510,C1065
C9013,C585
C23158,C5720
C11625,C585
C5763,C25022
C24386,C585
C22364,C5721
C952,C754
C8011,C467
C2812,C585
C1053,C585
C12218,C338
C15922,C5721
C19149,C585
C15922,C5720
C12267,C743
C122,C586
C1506,C754
C11576,C5720
C6876,C585
C9937,C585
C14539,C2174
C8804,C5721
C12203,C2651
C20813,C5721
C10974,C5721
C16514,C5721
C10974,C5720
C8011,C2651
C18996,C585
C14500,C612
C12992,C5721
C1227,C585
C4159,C5720
C20013,C585
C19544,C585
C10326,C467
C12100,C3065
C21787,C22399
C7043,C529
C1089,C2438
C4643,C585
C15410,C585
C19511,C585
C6381,C585
C394,C529
C8342,C5721
C79,C5721
C13343,C529
C17693,C7117
C7674,C585
C7516,C585
C7579,C2651
C177,C2651
C14587,C585
C11332,C585
C15552,C457
C11711,C585
C8903,C5721
C20358,C743
C16963,C585
C11472,C5721
C1446,C5721
C15575,C585
C6673,C5096
C9692,C612
C11147,C585
C10614,C2026
C495,C5721
C24687,C448
C12810,C1065
C7796,C5721
C18654,C5721
C4407,C5463
C11948,C743
C10670,C585
C10660,C585
C570,C5721
C13875,C5720
C19760,C585
C20767,C5463
C2109,C1947
C1410,C585
C9161,C5721
C8446,C5721
C12286,C5721
C18781,C5721
C6937,C5721
C9842,C585
C7628,C5721
C12373,C5721
C12251,C5721
C934,C585
C18353,C2109
C20851,C754
C22516,C22396
C23769,C585
C1544,C585
C9464,C585
C12714,C5721
C21927,C585
C15538,C754
C1197,C585
C19025,C2511
C6771,C585
C6419,C754
C10035,C5721
C8615,C585
C17668,C585
C16748,C586
C9545,C743
C7158,C585
C7514,C585
C12443,C5720
C19707,C5721
C16678,C585
C5931,C743
C20954,C585
C19805,C585
C19996,C2174
C12887,C5720
C8603,C5721
C895,C5721
C1139,C5720
C8073,C585
C807,C5721
C803,C585
C7390,C1065
C12455,C743
C21364,C5721
C1280,C585
C15744,C612
C695,C5720
C14810,C585
C9857,C5721
C6203,C625
C9531,C743
C20491,C5721
C19210,C1065
C14476,C743
C13866,C2008
C2660,C5721
C20107,C754
C11694,C754
C11461,C585
C6917,C585
C8346,C467
C18939,C5720
C13309,C5721
C17235,C585
C9072,C585
C817,C585
C9347,C585
C10510,C457
C7716,C457
C8337,C585
C13239,C585
C14474,C5721
C9389,C585
C9937,C625
C16443,C467
C7067,C585
C1923,C743
C256,C3245
C18637,C5720
C20207,C467
C8009,C612
C8238,C585
C2286,C5721
C9635,C1065
C5427,C585
C10445,C743
C22892,C5721
C8385,C585
C11821,C585
C6217,C5720
C6824,C5721
C395,C993
C12720,C585
C21061,C5720
C299,C5720
C19343,C585
C12189,C585
C22909,C5721
C1397,C2651
C9351,C5721
C10405,C2651
C11068,C5721
C10167,C585
C15232,C585
C4308,C585
C22047,C5721
C3767,C585
C8752,C585
C898,C585
C8823,C754
C3103,C5721
C7734,C585
C6039,C585
C16852,C585
C18716,C5721
C692,C754
C2521,C4667
C1382,C22396
C10955,C5721
C5151,C5721
C12792,C585
C8454,C585
C8196,C585
C10955,C5720
C11796,C585
C23158,C612
C17883,C467
C2848,C5720
C207,C5720
C17935,C457
C14500,C586
C16828,C5721
C10527,C467
C22953,C585
C10725,C5721
C19191,C743
C9313,C585
C6863,C5721
C16438,C5721
C9128,C467
C11576,C612
C11362,C585
C7294,C5720
C13207,C5721
C14767,C5721
C16704,C467
C9506,C585
C20496,C5720
C295,C5721
C6767,C585
C295,C5720
C727,C2651
C1360,C5721
C8693,C5721
C17968,C5720
C616,C585
C8066,C5721
C10988,C5720
C3091,C585
C19134,C743
C18462,C467
C17217,C585
C7154,C585
C21493,C5463
C13962,C754
C11352,C5721
C13665,C5463
C8232,C585
C19735,C585
C3875,C5721
C9055,C5721
C17146,C5720
C15126,C612
C7281,C585
C19385,C585
C18504,C5720
C20966,C585
C3059,C625
C22881,C5721
C22673,C5721
C656,C5720
C9729,C743
C6653,C585
C18312,C2174
C5787,C9502
C6265,C5721
C7418,C5721
C18371,C585
C1845,C612
C8026,C5721
C5778,C5720
C24,C585
C21542,C2519
C13300,C585
C783,C5720
C6705,C612
C18092,C5721
C1145,C5721
C395,C5086
C10531,C5721
C8633,C5720
C18771,C5721
C15270,C5721
C152,C467
C22944,C5720
C16770,C5721
C149,C612
C9897,C5721
C19889,C2651
C7975,C5721
C19172,C5721
C12455,C1065
C372,C529
C6883,C585
C12076,C457
C20139,C5721
C23055,C5721
C16531,C625
C18211,C5736
C20139,C5720
C739,C5721
C10005,C585
C729,C5721
C15602,C585
C153,C585
C739,C5720
C13785,C5721
C8011,C743
C9402,C5721
C13998,C529
C3461,C5721
C20541,C2651
C21476,C5720
C9159,C5721
C14529,C2651
C12206,C5463
C2347,C3468
C8675,C5720
C14683,C2109
C17475,C5720
C6184,C585
C8064,C467
C10311,C585
C19662,C754
C1837,C5721
C17179,C2651
C970,C585
C5429,C754
C6725,C467
C1923,C1065
C22532,C585
C23911,C529
C7608,C585
C18795,C5720
C19376,C625
C247,C5721
C10326,C743
C16251,C585
C11502,C585
C12904,C585
C14547,C585
C14476,C529
C51,C585
C12766,C5721
C22558,C1763
C1633,C585
C7542,C4784
C876,C585
C8,C5721
C19879,C585
C1105,C585
C9694,C5721
C7884,C5720
C17566,C457
C20135,C467
C18275,C2109
C18146,C754
C12728,C5721
C15087,C5721
C18423,C585
C13436,C612
C5858,C625
C13637,C5736
C9780,C754
C5811,C754
C18754,C585
C653,C585
C138,C3468
C8951,C1015
C20889,C585
C21331,C754
C19057,C2651
C15723,C5721
C10158,C585
C16069,C5721
C10794,C585
C7564,C625
C395,C692
C7858,C585
C10624,C585
C15588,C585
C9368,C586
C22044,C5721
C8609,C585
C776,C5721
C17761,C585
C690,C585
C1082,C5720
C19061,C585
C1550,C585
C5908,C612
C13715,C5721
C150,C5720
C14597,C5721
C10169,C612
C17231,C754
C8705,C5721
C11719,C585
C14597,C5720
C9448,C585
C17693,C7730
C8887,C5721
C14555,C743
C17074,C5720
C15441,C5721
C21209,C612
C19475,C585
C1202,C743
C15809,C1922
C13696,C625
C21216,C586
C22674,C585
C21716,C754
C17157,C2174
C10482,C5721
C7219,C585
C268,C5721
C2549,C5721
C2969,C5720
C12469,C5721
C6338,C457
C6435,C585
C914,C5720
C9555,C585
C1157,C585
C634,C5720
C16652,C585
C13617,C585
C3210,C612
C16403,C5720
C21746,C754
C10579,C467
C11449,C5720
C9095,C5463
C7513,C585
C16850,C585
C10199,C585
C1611,C5720
C1430,C585
C21478,C585
C11847,C5720
C1063,C585
C10204,C5721
C18464,C5721
C11439,C5721
C14351,C467
C4271,C585
C16590,C585
C19332,C5721
C10451,C5721
C8555,C5720
C21147,C529
C8631,C585
C338,C754
C9248,C1065
C12847,C5721
C11059,C467
C19801,C585
C9820,C529
C13225,C5463
C9875,C585
C14351,C2651
C17322,C1065
C693,C5720
C1320,C5720
C10843,C586
C17378,C457
C14447,C5721
C1372,C5721
C8346,C743
C7760,C585
C1372,C5720
C18785,C5720
C18809,C585
C7002,C612
C19757,C5721
C17879,C585
C12831,C5720
C1578,C585
C2551,C2651
C10846,C5721
C6629,C5720
C19846,C585
C9498,C457
C20207,C743
C7718,C585
C19088,C5721
C20175,C754
C7720,C457
C44,C754
C12539,C754
C20011,C743
C6551,C467
C9591,C5720
C9445,C585
C19421,C5721
C11298,C5463
C550,C1947
C6973,C585
C17693,C1399
C1485,C585
C20666,C2651
C18916,C585
C5084,C457
C751,C5721
C9451,C5720
C16778,C754
C12,C529
C17804,C5721
C19238,C5721
C16650,C457
C12046,C585
C12517,C5721
C17133,C5721
C13973,C585
C20520,C5720
C2057,C4667
C11553,C585
C13831,C585
C18654,C743
C401,C585
C463,C585
C10423,C5721
C670,C5721
C15652,C5720
C17843,C5721
C17313,C5720
C954,C2651
C11457,C2109
C22516,C5721
C1210,C585
C17464,C1065
C19477,C585
C6558,C585
C1423,C585
C7470,C5720
C5802,C23107
C4984,C754
C12369,C585
C11400,C5721
C4823,C5720
C8917,C585
C13659,C5721
C11817,C5721
C12175,C5720
C7146,C5720
C1751,C585
C13623,C585
C18,C5721
C16704,C743
C16191,C467
C1348,C5720
C8371,C467
C19127,C743
C16241,C5721
C457,C1947
C955,C5720
C15882,C5721
C6806,C5721
C1540,C5721
C20145,C585
C1411,C625
C8213,C5721
C6304,C5463
C21019,C586
C494,C5721
C18462,C743
C23867,C754
C9082,C5720
C14770,C585
C16356,C5721
C9553,C585
C3194,C5721
C10753,C585
C10039,C5720
C502,C585
C19,C586
C281,C5721
C22273,C585
C281,C5720
C9219,C1973
C19112,C585
C1539,C585
C20267,C5720
C3993,C5720
C17552,C5721
C13146,C5720
C7444,C5721
C7782,C585
C17552,C5720
C7085,C585
C3636,C585
C10293,C586
C10169,C586
C12604,C5720
C10609,C5720
C2505,C585
C1042,C2651
C10018,C5721
C14038,C754
C9941,C1065
C10121,C5096
C8728,C5721
C14523,C585
C16572,C5721
C683,C5721
C9154,C5721
C18698,C5720
C12987,C5721
C10743,C2651
C9799,C5720
C9623,C585
C21240,C467
C19873,C754
C11267,C2109
C15368,C5736
C15432,C612
C12973,C5720
C3210,C586
C16843,C743
C18398,C585
C16465,C743
C9,C585
C300,C612
C16557,C585
C20281,C754
C1382,C5721
C13650,C585
C3374,C586
C19160,C585
C11138,C5721
C18150,C2651
C14958,C457
C18586,C585
C575,C585
C21765,C2651
C8657,C612
C18288,C586
C742,C585
C18298,C743
C12546,C754
C19083,C586
C14642,C2651
C9178,C5463
C8064,C743
C3199,C5721
C12757,C5463
C9026,C5721
C18819,C585
C7978,C5721
C7597,C585
C13546,C586
C10953,C5720
C14919,C5721
C14922,C5721
C797,C612
C22370,C5721
C13173,C585
C2372,C5721
C9456,C585
C18874,C504
C939,C5721
C17693,C1587
C8794,C754
C318,C585
C9751,C5721
C19168,C586
C636,C585
C411,C585
C11246,C457
C43,C585
C1156,C754
C7285,C743
C534,C585
C1199,C754
C9453,C5720
C6849,C457
C13158,C585
C16507,C754
C11285,C457
C13985,C585
C1425,C585
C8968,C585
C18546,C585
C391,C3909
C11120,C2109
C20995,C5720
C20662,C2651
C8659,C585
C973,C5721
C17883,C1065
C23461,C5721
C10299,C5463
C1040,C5463
C143,C585
C13657,C5721
C9657,C5721
C13657,C5720
C12399,C585
C10527,C1065
C16055,C528
C14358,C585
C11811,C5721
C19292,C585
C20460,C585
C20520,C612
C16262,C5721
C13489,C743
C1952,C585
C6407,C754
C2882,C625
C21374,C754
C9500,C585
C5793,C585
C6346,C457
C13849,C625
C10415,C5721
C6897,C585
C10415,C5720
C2131,C467
C17096,C5720
C3784,C5721
C526,C585
C220,C585
C6377,C743
C19410,C5720
C19382,C585
C10821,C585
C11258,C585
C12864,C585
C6169,C585
C999,C5720
C11699,C585
C18322,C585
C602,C585
C15399,C743
C8756,C585
C10847,C5721
C20168,C5721
C285,C2651
C536,C2651
C12306,C585
C10273,C5720
C18456,C5721
C15141,C585
C8005,C5721
C11753,C585
C17583,C754
C3503,C5721
C12943,C457
C18923,C5721
C993,C754
C25072,C5721
C6673,C5463
C19580,C612
C20161,C529
C15317,C5720
C7944,C743
C6775,C585
C9388,C5721
C15833,C585
C12854,C5721
C19448,C5721
C14089,C754
C8683,C612
C9666,C754
C18147,C2651
C10047,C5721
C8542,C5720
C7754,C5721
C12525,C743
C12766,C743
C17682,C585
C8257,C585
C980,C612
C14451,C585
C3153,C5720
C671,C5720
C1428,C467
C16843,C1065
C18273,C585
C24100,C5721
C5771,C5721
C17165,C5721
C10109,C5721
C17165,C5720
C1740,C5720
C6551,C743
C2837,C5721
C11421,C5721
C7014,C5721
C8606,C754
C10541,C585
C13570,C585
C18979,C585
C16537,C5721
C16069,C743
C19219,C585
C300,C586
C1365,C5721
C8859,C585
C960,C585
C11915,C5720
C19589,C585
C17693,C20935
C15905,C585
C17693,C500
C17392,C5721
C1584,C457
C10664,C585
C9409,C585
C76,C585
C14214,C754
C14606,C5721
C11501,C5721
C15156,C5721
C21061,C529
C7970,C585
C10521,C368
C286,C754
C14988,C585
C23188,C585
C13829,C2651
C2850,C754
C14589,C612
C15441,C743
C11407,C5721
C735,C625
C19859,C585
C6079,C612
C15024,C585
C3256,C585
C2510,C585
C19852,C5721
C1690,C5721
C11206,C754
C1690,C5720
C22725,C585
C26666,C2651
C17935,C2109
C8021,C457
C18468,C5789
C21323,C625
C17956,C754
C6760,C585
C9439,C585
C16026,C15865
C1030,C5720
C7416,C5721
C22894,C754
C15477,C23778
C13372,C5720
C9142,C5721
C10976,C2651
C22291,C585
C13730,C2651
C19699,C5721
C8932,C5721
C8318,C743
C21030,C585
C3342,C585
C12104,C5721
C7666,C5720
C16191,C743
C395,C17151
C22901,C528
C16426,C585
C18071,C23778
C403,C585
C11233,C5721
C18729,C585
C23154,C5721
C23154,C5720
C11549,C457
C22706,C2651
C5983,C5721
C624,C743
C22462,C743
C14381,C5721
C9768,C5721
C9914,C5721
C13600,C5721
C3862,C585
C6836,C5721
C5243,C5720
C697,C585
C20314,C2651
C12649,C5720
C13419,C5721
C14447,C743
C865,C585
C22679,C585
C15868,C585
C7036,C5721
C1415,C585
C12024,C5721
C16684,C2026
C23007,C585
C14467,C5720
C7639,C5721
C13874,C586
C15996,C5720
C4936,C585
C13489,C1065
C27039,C5721
C6924,C5720
C5791,C625
C11244,C467
C7848,C585
C9643,C5721
C23223,C5721
C10091,C5721
C2616,C585
C331,C1173
C20773,C585
C14975,C754
C13001,C5721
C1188,C5721
C12628,C457
C17866,C5721
C4144,C2109
C19134,C2109
C22378,C585
C14256,C585
C18357,C5721
C3865,C5721
C5237,C1065
C10782,C5721
C14374,C5721
C7418,C529
C16056,C2109
C6785,C585
C11278,C585
C1883,C5720
C15675,C5721
C20821,C5721
C13406,C585
C3309,C2881
C1899,C5721
C8178,C585
C1226,C1065
C23812,C743
C1130,C5720
C9729,C2109
C19391,C5720
C16748,C585
C406,C585
C23204,C1065
C20938,C2651
C20361,C2651
C17693,C20096
C18279,C585
C11841,C5720
C8780,C5721
C8080,C585
C12115,C5721
C2382,C5721
C7310,C586
C13234,C585
C674,C585
C19560,C625
C2084,C585
C166,C5721
C8462,C585
C1226,C529
C17993,C5720
C8919,C2109
C16610,C585
C3907,C586
C14114,C5721
C22048,C585
C1112,C1173
C18005,C585
C3762,C625
C17815,C457
C499,C585
C2915,C585
C10591,C585
C6903,C2651
C11171,C5721
C6913,C585
C8715,C585
C776,C1065
C1062,C585
C12074,C529
C6765,C529
C18617,C5721
C20220,C457
C18623,C585
C1440,C585
C18765,C585
C1442,C5721
C8501,C5721
C21279,C5720
C4468,C5721
C388,C585
C20860,C3574
C23085,C754
C9743,C625
C6497,C5721
C20431,C5720
C2633,C5721
C1044,C585
C7196,C585
C10412,C585
C14589,C586
C12632,C612
C1611,C448
C8724,C585
C13979,C612
C8873,C625
C1555,C754
C325,C754
C16670,C754
C5967,C5720
C19697,C743
C22106,C5720
C15266,C743
C9283,C585
C8223,C743
C10719,C585
C16784,C457
C3600,C585
C8664,C5720
C511,C5721
C21932,C5721
C13185,C585
C6802,C5721
C804,C585
C8350,C5721
C10301,C5720
C10321,C5721
C7746,C5721
C14283,C5721
C842,C585
C9502,C457
C5401,C5720
C5301,C504
C12343,C5720
C3387,C585
C10482,C529
C1027,C5721
C16381,C457
C22462,C1065
C18418,C5721
C10291,C585
C8052,C585
C498,C585
C16150,C585
C1162,C585
C13827,C5721
C6795,C5720
C7354,C585
C1030,C612
C23867,C706
C8472,C586
C14555,C2109
C23454,C612
C11587,C2109
C8117,C5721
C7764,C1065
C12672,C585
C7485,C585
C20442,C467
C14926,C585
C16739,C754
C15586,C5721
C16488,C5721
C19752,C5720
C1589,C5720
C14439,C586
C11204,C585
C16202,C5721
C12391,C5720
C13740,C585
C15,C5721
C14702,C467
C13772,C5720
C395,C11736
C8040,C585
C12500,C585
C15171,C457
C9692,C585
C6173,C5721
C12702,C754
C21212,C2174
C12966,C4784
C6001,C457
C12808,C5463
C21240,C1065
C11875,C5721
C3893,C585
C9091,C5721
C6223,C585
C14057,C2109
C9091,C5720
C7936,C5721
C14827,C5721
C17125,C754
C11305,C5720
C7856,C5720
C21995,C5721
C991,C585
C10012,C585
C15540,C529
C22738,C5721
C4254,C612
C10520,C5721
C13088,C585
C7699,C743
C9904,C586
C17857,C2651
C10358,C5720
C1382,C2021
C20206,C5720
C16609,C5736
C9416,C5720
C11856,C754
C1490,C585
C13486,C1065
C10342,C585
C6275,C5721
C3634,C2651
C1506,C586
C206,C5720
C8846,C5463
C333,C585
C16154,C754
C22171,C585
C10792,C585
C18411,C5721
C16058,C529
C1663,C612
C11607,C585
C11567,C585
C6821,C5721
C11964,C585
C7350,C5463
C4285,C5721
C13730,C743
C2912,C5736
C18676,C5720
C10572,C612
C2562,C585
C9144,C5721
C19221,C5721
C13212,C5720
C19676,C585
C10896,C457
C17693,C8490
C17872,C612
C15744,C585
C16354,C5721
C5053,C5720
C4535,C5721
C53,C5721
C15013,C5720
C16395,C585
C4866,C754
C3110,C585
C1588,C585
C9717,C585
C17881,C5721
C1181,C5721
C8213,C1065
C21298,C5721
C15001,C1065
C11074,C743
C21298,C5720
C6799,C585
C11708,C754
C26850,C585
C6791,C5721
C14028,C586
C10309,C5721
C7404,C585
C10089,C585
C3684,C754
C8032,C585
C8293,C5721
C7131,C5721
C8827,C5721
C8293,C5720
C11402,C743
C7131,C5720
C18898,C585
C11395,C5721
C8009,C585
C6727,C585
C8827,C5720
C13318,C467
C15418,C585
C11669,C5720
C1213,C585
C1037,C5721
C6947,C585
C13653,C5721
C11643,C2109
C17673,C2651
C8213,C529
C6977,C5720
C22454,C5721
C21507,C585
C1000,C2109
C13312,C5721
C6454,C5720
C8223,C1065
C10047,C743
C9368,C585
C18927,C5721
C10049,C585
C16704,C2109
C18959,C5721
C17070,C754
C16148,C5720
C11673,C585
C23912,C754
C10716,C457
C21035,C2651
C8475,C5721
C18672,C5720
C6935,C457
C19778,C5721
C8962,C585
C8026,C2855
C22853,C5720
C9749,C5720
C13205,C585
C7438,C5721
C25792,C5721
C1611,C2189
C13842,C5721
C5190,C529
C117,C467
C1146,C585
C9061,C5736
C15351,C5721
C6409,C585
C11069,C5721
C23158,C585
C18698,C529
C9833,C585
C12987,C529
C10219,C2651
C8155,C5721
C724,C5721
C6115,C585
C15880,C5720
C22524,C9883
C14714,C2908
C20080,C585
C1093,C5720
C18813,C5721
C1501,C5721
C8054,C5720
C8784,C893
C10677,C585
C20042,C585
C18674,C529
C1824,C5720
C11510,C585
C1775,C585
C7027,C5720
C11637,C586
C20265,C2651
C851,C5721
C4711,C5463
C1746,C585
C7420,C585
C2109,C3049
C13553,C743
C8100,C585
C10028,C5720
C19139,C612
C17693,C20263
C18610,C585
C19542,C754
C2161,C5721
C18743,C585
C152,C2109
C1033,C585
C10020,C2651
C6590,C585
C15126,C585
C4334,C743
C10121,C5463
C10843,C585
C15862,C5721
C18951,C5721
C14328,C5721
C924,C3574
C9120,C3574
C19524,C5720
C14692,C585
C11246,C2109
C7211,C585
C16528,C585
C8248,C5721
C13475,C5721
C2557,C612
C12391,C612
C1517,C585
C16164,C585
C16457,C5721
C17116,C754
C11035,C5463
C16436,C5721
C9330,C585
C13314,C585
C7206,C5721
C910,C5721
C9768,C743
C12778,C585
C1845,C585
C18101,C754
C15771,C5721
C16103,C231
C18442,C585
C27,C754
C6705,C585
C3071,C5720
C13570,C2026
C2877,C5721
C16712,C8670
C19040,C5720
C20738,C467
C16467,C5720
C10555,C5721
C6055,C2008
C10552,C5721
C22269,C754
C13730,C1065
C10552,C5720
C20789,C5721
C18520,C743
C149,C585
C12515,C585
C15093,C5721
C12693,C585
C16284,C5721
C12325,C5721
C7924,C754
C5864,C2174
C14003,C585
C1379,C5720
C331,C1056
C5161,C5721
C13270,C585
C18473,C5720
C18986,C5720
C19263,C5720
C7869,C5721
C9958,C5720
C3784,C1065
C22894,C706
C12065,C5721
C21655,C5721
C9230,C467
C5787,C20561
C173,C4784
C983,C5720
C17400,C5721
C8806,C585
C20933,C585
C13819,C5721
C19404,C5721
C16587,C5721
C6714,C585
C18961,C585
C13497,C5721
C1139,C585
C16262,C529
C11108,C5721
C13497,C5720
C10595,C5721
C20819,C585
C22883,C5720
C19897,C743
C9902,C612
C5909,C5720
C8589,C585
C16249,C5720
C6961,C585
C49,C5721
C18802,C585
C10415,C529
C14683,C5721
C12668,C1065
C16744,C5720
C14145,C5721
C14486,C529
C20442,C743
C20971,C612
C10047,C1065
C13436,C585
C326,C1173
C4854,C754
C15729,C743
C13236,C585
C1344,C5721
C11864,C5721
C19037,C5721
C12349,C585
C11244,C1065
C10813,C743
C12657,C585
C9038,C585
C1400,C585
C7483,C5720
C18637,C585
C10644,C5720
C17899,C585
C20880,C585
C1134,C585
C6865,C467
C21758,C5720
C15452,C585
C8571,C585
C11924,C585
C18475,C625
C11021,C2109
C11391,C529
C19038,C5721
C1112,C1056
C20982,C585
C9024,C743
C10293,C585
C10169,C585
C7152,C5721
C1953,C754
C22911,C5720
C6217,C585
C705,C5721
C1279,C5721
C710,C529
C17870,C585
C9384,C585
C1812,C585
C10146,C743
C14130,C5721
C22253,C5721
C9152,C625
C6024,C5721
C12773,C5720
C20384,C754
C10378,C585
C9252,C5721
C13266,C2651
C12197,C5721
C7521,C5721
C17971,C5721
C19803,C5721
C20988,C754
C1036,C5463
C2254,C1763
C1450,C5721
C20627,C2651
C22693,C754
C207,C585
C594,C5721
C9272,C5720
C6298,C5720
C6853,C743
C9853,C5721
C19166,C2109
C10060,C5720
C5163,C585
C11477,C5721
C10815,C5721
C20114,C5721
C20114,C5720
C976,C2189
C559,C5721
C1093,C612
C20375,C585
C16344,C5721
C930,C585
C19452,C5720
C11968,C585
C17968,C585
C10988,C585
C9741,C5721
C661,C5721
C10390,C754
C242,C5721
C14251,C5721
C15713,C754
C1568,C5721
C2598,C585
C707,C5721
C13983,C5721
C20846,C5721
C2557,C586
C15242,C5720
C10187,C5720
C2484,C585
C10380,C5721
C15248,C585
C16993,C585
C8094,C625
C2292,C1173
C10022,C743
C23105,C2651
C12300,C5721
C395,C24781
C20864,C754
C13318,C743
C9735,C5721
C19748,C2651
C19936,C585
C9011,C585
C18504,C585
C10347,C612
C19645,C585
C11380,C585
C15727,C457
C12004,C5721
C9849,C457
C7091,C585
C11679,C585
C17211,C5720
C5778,C585
C13528,C5721
C5552,C5721
C5613,C5721
C16366,C585
C23205,C612
C14085,C5721
C985,C5721
C4788,C585
C528,C2679
C14848,C2651
C21917,C5721
C20821,C1065
C21917,C5720
C749,C457
C740,C5720
C7442,C743
C117,C743
C12048,C5721
C13462,C585
C18650,C585
C7328,C23269
C6871,C5721
C16878,C5721
C8139,C5721
C18986,C612
C19791,C5720
C8758,C585
C22908,C612
C9188,C5721
C5783,C585
C13277,C585
C12199,C457
C15518,C5721
C9188,C5720
C18910,C5720
C2565,C585
C3865,C529
C10118,C585
C22758,C585
C8310,C5720
C13931,C5721
C20071,C585
C1175,C5721
C7221,C5721
C15556,C585
C12371,C585
C20274,C5721
C1068,C585
C15886,C5736
C9295,C585
C20274,C5720
C17475,C585
C6909,C5096
C9868,C585
C386,C743
C5498,C5721
C825,C5721
C8629,C5721
C10360,C585
C13988,C754
C6707,C586
C1382,C2983
C7077,C5721
C11159,C457
C13713,C5721
C14110,C2651
C17039,C467
C13705,C612
C16173,C585
C7884,C585
C12981,C5720
C10033,C585
C6485,C457
C22608,C754
C13062,C3574
C14687,C529
C22342,C2651
C10962,C5463
C21524,C754
C19268,C5721
C14749,C585
C547,C5720
C349,C585
C18971,C743
C10813,C529
C12882,C585
C11372,C585
C19647,C585
C13117,C612
C592,C586
C712,C585
C8522,C585
C10907,C2109
C6425,C585
C7018,C4682
C1082,C585
C339,C5721
C12178,C5720
C6358,C585
C18825,C5721
C7185,C585
C12933,C585
C15432,C585
C137,C585
C20827,C5721
C9810,C585
C18013,C585
C16405,C5721
C7709,C5721
C12451,C5463
C12722,C467
C7709,C5720
C23211,C5720
C7194,C5721
C1447,C754
C12057,C585
C17572,C625
C19282,C5721
C10303,C585
C2969,C585
C947,C5720
C22228,C467
C16784,C2109
C914,C585
C18420,C23411
C5159,C743
C771,C5463
C21800,C754
C16403,C585
C9230,C743
C10480,C5721
C19424,C5721
C11449,C585
C20758,C5721
C13010,C5721
C12766,C5698
C7701,C2651
C1611,C585
C11847,C585
C22020,C5720
C2783,C5720
C20952,C529
C11514,C585
C13179,C5721
C115,C5720
C16996,C457
C13179,C5720
C1325,C5721
C6385,C5721
C1443,C5721
C6521,C585
C16050,C585
C307,C5720
C6198,C467
C19838,C5721
C14220,C5720
C1556,C457
C8322,C585
C1320,C585
C19697,C2109
C1032,C585
C1070,C5721
C7519,C5720
C9572,C585
C15053,C5721
C4743,C5721
C11412,C585
C6986,C5720
C18785,C585
C597,C5721
C6173,C1065
C16280,C585
C6198,C2651
C16239,C5721
C9199,C585
C8272,C5721
C18288,C23778
C7464,C585
C10997,C3287
C16580,C5720
C11378,C5720
C11496,C585
C17055,C5720
C11049,C585
C6865,C743
C7765,C585
C14051,C5721
C2535,C754
C3854,C5721
C14202,C743
C3890,C585
C19848,C585
C162,C5721
C11631,C5721
C488,C585
C3556,C612
C9709,C585
C7668,C585
C457,C3049
C18375,C5720
C679,C467
C8441,C586
C11001,C457
C10468,C5721
C15392,C5720
C9276,C5463
C6643,C2109
C20520,C585
C20664,C585
C3660,C5721
C9091,C529
C946,C585
C14532,C5720
C21040,C754
C15652,C585
C17313,C585
C18880,C5721
C7470,C585
C8784,C19684
C15268,C612
C14298,C585
C18715,C1065
C5778,C23778
C17716,C2651
C20206,C529
C903,C585
C3433,C754
C1054,C754
C16930,C5720
C10896,C2109
C11457,C612
C16856,C5721
C6467,C585
C21397,C529
C831,C5721
C12766,C754
C3422,C5721
C6031,C585
C22668,C5721
C955,C585
C17759,C754
C428,C585
C12403,C625
C896,C5721
C204,C5721
C14731,C585
C852,C585
C19454,C3574
C19580,C585
C7818,C585
C963,C5720
C18468,C585
C19008,C585
C1097,C504
C12089,C5720
C12945,C5721
C10900,C5736
C4109,C5463
C12122,C5721
C980,C585
C17397,C467
C292,C5721
C7129,C5721
C19705,C5721
C20267,C585
C16232,C585
C16671,C743
C11427,C585
C21913,C5721
C18454,C585
C400,C754
C11155,C5463
C21999,C754
C7790,C5720
C10609,C585
C8966,C2651
C16070,C528
C10510,C5721
C1503,C5720
C16897,C585
C7900,C5721
C19208,C585
C6584,C5721
C8741,C467
C40,C5720
C5609,C5720
C8673,C5721
C6736,C5720
C13268,C5721
C5931,C5720
C14848,C743
C12773,C586
C14615,C2651
C17614,C23778
C214,C504
C1324,C754
C11118,C585
C7942,C2109
C13610,C467
C6663,C585
C12985,C5721
C7069,C5720
C9386,C5463
C10829,C5720
C12973,C585
C8157,C5721
C9535,C585
C22118,C585
C4369,C585
C6079,C585
C14864,C529
C19023,C5720
C1542,C585
C11517,C22396
C6438,C5720
C17415,C585
C2039,C2835
C14087,C585
C14508,C585
C15513,C754
C9301,C5720
C545,C585
C9089,C743
C23660,C1065
C18395,C5721
C19803,C743
C19368,C754
C22462,C754
C3412,C754
C13918,C625
C7390,C612
C10964,C457
C22210,C9883
C20750,C585
C6887,C585
C1574,C5721
C19118,C585
C13576,C467
C7826,C5720
C7050,C743
C11464,C585
C317,C5721
C6033,C585
C10953,C585
C11477,C743
C13144,C5721
C10152,C5720
C14820,C585
C9414,C3065
C19900,C2651
C8820,C5721
C6259,C625
C17897,C5721
C17039,C743
C13068,C5721
C18141,C585
C811,C754
C5763,C26021
C194,C586
C4962,C585
C19938,C5720
C21269,C2519
C976,C585
C20799,C5826
C12467,C585
C9651,C5721
C14537,C5721
C1457,C2651
C1301,C585
C12841,C754
C13298,C5721
C10713,C585
C5985,C5463
C7838,C585
C7206,C1065
C9114,C5463
C1083,C754
C16258,C5721
C19585,C5720
C2292,C1056
C10293,C2026
C6287,C5721
C8842,C5721
C22865,C2651
C13424,C457
C19636,C2109
C22066,C5721
C6273,C585
C14168,C743
C8030,C5720
C9020,C457
C12620,C585
C13553,C2109
C16457,C529
C704,C5721
C2890,C5721
C2521,C1763
C16358,C5721
C17792,C5721
C6007,C5721
C11877,C585
C12362,C585
C20699,C26737
C13191,C585
C18142,C5721
C10682,C585
C3268,C2651
C11238,C625
C7726,C585
C780,C585
C3596,C5721
C19134,C5720
C395,C9192
C3282,C743
C985,C743
C13264,C612
C4747,C585
C21983,C5720
C17693,C13194
C7556,C2651
C49,C1065
C8597,C5721
C22821,C585
C1478,C5721
C12564,C5720
C8076,C5721
C19410,C585
C7450,C5721
C8655,C585
C8287,C467
C999,C585
C6631,C585
C6240,C585
C623,C5721
C12339,C585
C1064,C5720
C11888,C5721
C773,C585
C11885,C585
C16273,C585
C7235,C585
C10273,C585
C7215,C457
C13845,C743
C1046,C754
C11948,C612
C15317,C585
C16520,C2651
C14206,C585
C350,C2651
C1246,C5721
C14848,C1065
C11639,C625
C18275,C1065
C9685,C754
C16291,C2109
C8919,C5721
C12059,C5720
C10163,C5720
C5963,C5720
C1026,C5720
C11011,C585
C6113,C585
C12686,C5721
C13455,C2651
C14781,C5721
C6144,C585
C18796,C585
C17566,C5720
C16656,C585
C10858,C585
C11843,C5721
C10093,C585
C12382,C585
C14264,C4682
C16601,C5721
C1740,C585
C7394,C5721
C23242,C5721
C1192,C585
C12302,C529
C8109,C585
C19050,C743
C12753,C585
C8647,C585
C731,C754
C659,C5721
C211,C5721
C13979,C585
C5931,C612
C6349,C585
C19780,C586
C9727,C1973
C679,C743
C11950,C585
C12170,C5721
C14621,C5721
C14862,C5720
C14621,C5720
C22452,C5721
C9815,C585
C1055,C2511
C10646,C5721
C20413,C585
C12021,C585
C17590,C754
C7050,C1065
C8433,C585
C14130,C529
C7305,C585
C12091,C585
C7290,C585
C4185,C585
C21734,C2651
C6338,C5721
C16352,C585
C1030,C585
C20716,C529
C12129,C5721
C9540,C586
C1024,C467
C10033,C5463
C4556,C5721
C22546,C706
C17135,C585
C20455,C585
C1220,C1003
C1923,C612
C13942,C2651
C6181,C5721
C13519,C743
C6181,C5720
C6460,C585
C22677,C585
C11637,C585
C21614,C585
C20731,C625
C6165,C585
C19116,C585
C7882,C5721
C12917,C585
C16182,C2651
C1698,C585
C3384,C5721
C8561,C2109
C11757,C5721
C11587,C5721
C7260,C5721
C18309,C3499
C18270,C5720
C11376,C585
C9814,C5720
C346,C625
C575,C9883
C7225,C1065
C17378,C5721
C8524,C5720
C242,C529
C17035,C5720
C21301,C754
C17847,C754
C6304,C5721
C8402,C585
C6769,C5720
C6071,C467
C16522,C5721
C12857,C585
C355,C585
C19744,C754
C7689,C585
C8304,C585
C1736,C5720
C16976,C754
C66,C585
C8741,C743
C619,C625
C9498,C5721
C13883,C612
C11364,C5721
C9498,C5720
C9739,C585
C8732,C585
C11912,C5721
C8982,C585
C15091,C585
C11851,C5720
C6489,C585
C9605,C585
C22067,C754
C12042,C5721
C12281,C5736
C17528,C585
C19823,C5721
C4944,C5721
C13610,C743
C4944,C5720
C20991,C5720
C16715,C5721
C9549,C5721
C16516,C5720
C1663,C585
C20338,C529
C6203,C467
C16650,C5721
C9053,C5721
C7103,C5720
C13318,C2109
C6600,C457
C10572,C585
C9053,C5720
C22666,C743
C6869,C585
C10364,C5096
C10156,C2109
C12852,C585
C13701,C625
C21132,C2651
C2290,C754
C13358,C585
C5929,C625
C1381,C5721
C17945,C612
C1130,C585
C1177,C1763
C22594,C2651
C1511,C5721
C6464,C585
C11706,C585
C20207,C5720
C23900,C754
C11414,C585
C1001,C5721
C590,C585
C17693,C19540
C13576,C743
C20011,C5720
C24386,C2651
C2658,C5721
C7876,C5721
C2812,C2651
C15656,C585
C13836,C5721
C13260,C5721
C9359,C5721
C9840,C467
C8924,C743
C1165,C5720
C17159,C585
C22668,C743
C151,C1638
C11309,C467
C12224,C585
C5407,C754
C16750,C754
C18779,C585
C19685,C5721
C3024,C754
C1387,C625
C10614,C1065
C6153,C585
C390,C585
C21521,C528
C8749,C5721
C9950,C585
C9755,C5721
C6693,C5463
C9504,C585
C5971,C5721
C17116,C612
C14987,C585
C6594,C585
C8526,C5720
C15663,C754
C9353,C5721
C7722,C585
C8868,C5720
C7664,C5721
C8550,C585
C13175,C5721
C4013,C5720
C2057,C1763
C11646,C5721
C1788,C585
C1101,C5721
C21436,C5721
C1000,C5721
C2385,C754
C12596,C585
C8329,C585
C16301,C4784
C14476,C586
C16704,C5720
C22656,C5721
C10711,C5721
C1403,C585
C19376,C5721
C19653,C5720
C10355,C5720
C1414,C5721
C17464,C612
C316,C5721
C136,C754
C1734,C5721
C10235,C585
C6909,C5463
C183,C585
C1389,C585
C8870,C2026
C18984,C585
C8437,C2651
C7997,C625
C5858,C5721
C20209,C585
C18767,C585
C12448,C585
C18339,C5721
C23029,C5721
C16033,C743
C10684,C5720
C6795,C585
C12040,C586
C7174,C743
C19176,C5721
C7371,C585
C6832,C5721
C19139,C585
C21334,C585
C8450,C5721
C9974,C585
C10597,C5721
C15438,C5721
C8450,C5720
C11753,C3245
C1313,C585
C6413,C585
C16469,C5720
C850,C2651
C20842,C5721
C18856,C585
C1050,C5720
C19752,C585
C6899,C625
C14967,C743
C1589,C585
C6339,C585
C7940,C585
C2557,C585
C12391,C585
C18833,C585
C11461,C467
C6346,C528
C18325,C23778
C9072,C467
C17235,C467
C635,C5721
C1202,C612
C2748,C5721
C11631,C1065
C20427,C625
C1507,C3065
C10388,C754
C18498,C585
C1704,C5720
C11523,C5721
C22574,C585
C1135,C457
C597,C529
C11246,C5721
C14601,C2109
C9404,C585
C11414,C625
C7856,C585
C3462,C22400
C3891,C585
C7180,C5721
C9250,C625
C19688,C529
C13990,C5721
C16305,C585
C6837,C585
C9087,C585
C8836,C585
C22158,C5720
C16258,C743
C7361,C5721
C1583,C5463
C5843,C2109
C7505,C5721
C5493,C5721
C9242,C625
C1148,C2109
C7822,C743
C8064,C5720
C9820,C586
C18846,C585
C18165,C5721
C11140,C5720
C10607,C5721
C22625,C706
C9238,C5721
C7087,C5721
C13046,C5720
C19068,C585
C6014,C585
C19534,C5720
C5815,C5721
C3591,C585
C11358,C5721
C11484,C457
C16358,C743
C9248,C586
C12323,C467
C14061,C5720
C8924,C1065
C9902,C585
C11053,C585
C16746,C5721
C6758,C585
C15013,C585
C7285,C5720
C9291,C5720
C12638,C754
C9015,C5721
C12519,C5721
C6793,C5721
C6793,C5720
C7660,C585
C9434,C4169
C9617,C5720
C15077,C754
C6515,C5721
C5878,C2174
C9064,C5721
C12,C586
C7020,C5721
C16794,C754
C13807,C5721
C13352,C585
C7564,C467
C185,C625
C22649,C2651
C13783,C5721
C13214,C5720
C10058,C5721
C12636,C5721
C9134,C585
C19772,C5721
C9753,C5720
C23571,C457
C831,C529
C1890,C2651
C17920,C5721
C19436,C5721
C9232,C585
C13803,C5721
C12160,C2651
C10510,C1065
C8400,C585
C11398,C5721
C10583,C585
C18654,C612
C10523,C457
C1186,C5721
C6977,C585
C7249,C585
C3193,C585
C13199,C585
C2300,C585
C6071,C743
C6454,C585
C15809,C5721
C13191,C5463
C19199,C585
C12275,C1065
C16148,C585
C422,C5721
C21115,C5720
C422,C5720
C19493,C585
C20666,C11264
C15682,C754
C330,C754
C7127,C5720
C16310,C5720
C6377,C5720
C22853,C585
C10510,C529
C18626,C585
C19156,C585
C6407,C5096
C7394,C743
C8673,C529
C11872,C5721
C9258,C5720
C16704,C612
C8308,C625
C10904,C5736
C17693,C26624
C1398,C5721
C22704,C706
C4942,C5721
C497,C585
C1584,C5721
C22161,C3574
C8327,C5721
C2914,C5721
C19331,C5721
C18837,C5463
C12670,C585
C12050,C5721
C1093,C585
C20420,C585
C12050,C5720
C16420,C5720
C7188,C585
C11045,C585
C18130,C5721
C8054,C585
C1567,C1763
C20671,C2651
C6316,C5721
C7027,C585
C10010,C5721
C19166,C5721
C20405,C5736
C11743,C467
C8021,C5721
C9937,C743
C370,C585
C6219,C5463
C10311,C467
C16816,C743
C1520,C585
C6551,C5720
C3810,C754
C6843,C5721
C16656,C5463
C8034,C5721
C1202,C586
C16383,C585
C18844,C5721
C954,C5720
C278,C754
C19105,C5721
C17935,C529
C15753,C585
C14814,C754
C23091,C706
C8044,C585
C21661,C612
C1592,C5721
C16843,C612
C1038,C1947
C313,C2651
C6789,C585
C16465,C612
C13825,C5721
C6665,C5720
C18551,C585
C138,C504
C13248,C5721
C16841,C743
C20858,C585
C17854,C529
C55,C5721
C24270,C754
C16467,C585
C20569,C5720
C20025,C5720
C16358,C1065
C11116,C5721
C16463,C585
C9020,C2109
C19320,C5720
C16803,C2109
C4085,C585
C17800,C585
C11766,C754
C10307,C5720
C8763,C5720
C11531,C585
C8441,C585
C6992,C585
C11437,C585
C16191,C5720
C641,C457
C10914,C5721
C19263,C585
C18986,C585
C18473,C585
C3174,C754
C17929,C754
C11309,C457
C9958,C585
C12628,C5721
C7314,C467
C8346,C586
C9319,C5721
C7798,C585
C13041,C585
C21606,C5721
C16939,C5720
C11248,C585
C17768,C5721
C983,C585
C2689,C5736
C18874,C1173
C11661,C5721
C8015,C5721
C19458,C5720
C17792,C529
C320,C5463
C6566,C457
C335,C9883
C10760,C625
C16243,C585
C10410,C5721
C6194,C5721
C5909,C585
C10557,C585
C24710,C5672
C742,C15865
C10743,C5720
C10087,C585
C10071,C585
C14222,C528
C6016,C5720
C15038,C5721
C11202,C585
C18453,C585
C15897,C585
C5271,C5721
C13705,C585
C19465,C2109
C1404,C5721
C8787,C5721
C16744,C585
C13801,C585
C8787,C5720
C22050,C5721
C9637,C585
C6071,C1065
C20342,C529
C4131,C585
C8958,C5721
C12814,C585
C14121,C3058
C11466,C5721
C19109,C625
C17356,C585
C18761,C585
C2236,C754
C8645,C5721
C18992,C5720
C19462,C5720
C543,C585
C47,C585
C10644,C585
C21814,C754
C8119,C585
C13256,C529
C10786,C5721
C18151,C5721
C7456,C5721
C18151,C5720
C13431,C586
C18150,C5720
C14233,C5721
C6771,C457
C21942,C5721
C21765,C5720
C21963,C585
C4869,C467
C15371,C5720
C13097,C2026
C6517,C5720
C6613,C585
C16551,C585
C154,C612
C17815,C5720
C11408,C754
C8331,C5721
C16345,C585
C23812,C5720
C4740,C5721
C809,C5721
C12120,C585
C20548,C5721
C10907,C5721
C20548,C5720
C10907,C5720
C5067,C2389
C12773,C585
C16787,C585
C7664,C743
C7724,C2651
C7630,C5721
C13188,C5721
C20851,C3574
C3035,C585
C15397,C743
C806,C5721
C7737,C5720
C20161,C586
C22204,C1065
C19414,C585
C4287,C743
C8544,C5463
C12244,C5721
C1857,C625
C17813,C754
C15443,C585
C9272,C585
C16816,C1065
C794,C2109
C6298,C585
C19376,C743
C7523,C754
C684,C625
C9355,C585
C13239,C457
C19402,C5721
C16441,C5463
C10144,C5721
C4657,C743
C8184,C5721
C23030,C5721
C7144,C585
C8238,C457
C348,C5736
C463,C2651
C19814,C585
C12525,C612
C15900,C5721
C4927,C585
C19452,C585
C9547,C5720
C9502,C5721
C1141,C585
C7350,C5721
C17957,C5721
C19528,C585
C3036,C585
C21222,C5721
C7693,C5721
C16381,C5721
C2724,C5721
C16816,C529
C1319,C585
C7381,C5721
C15242,C585
C7687,C5720
C6551,C612
C9366,C5721
C6641,C585
C11981,C5720
C16482,C585
C1012,C5721
C16752,C5720
C520,C754
C12232,C2651
C1650,C5721
C20002,C585
C461,C1065
C20980,C585
C9328,C612
C9222,C529
C10978,C743
C11551,C1065
C2263,C585
C13021,C5720
C12029,C585
C2849,C5721
C23286,C5721
C20867,C585
C3556,C585
C528,C2647
C11587,C529
C261,C5720
C14197,C585
C9801,C5721
C7162,C585
C19096,C585
C1366,C5721
C16841,C529
C16397,C5720
C6001,C5721
C216,C5721
C12438,C585
C19112,C2651
C6546,C5721
C6725,C586
C14882,C5721
C14076,C585
C2086,C5721
C291,C5720
C200,C625
C13360,C5096
C8365,C5721
C11296,C625
C10331,C585
C9498,C529
C19920,C5721
C17895,C585
C18147,C5720
C9262,C585
C1535,C2651
C15593,C5720
C6643,C5721
C6635,C467
C9945,C5721
C16191,C612
C13746,C585
C810,C2109
C6600,C2109
C3534,C1065
C11457,C585
C14235,C457
C1087,C5721
C21787,C585
C11311,C625
C624,C612
C5834,C5720
C15114,C612
C7030,C5721
C6779,C585
C9460,C5721
C7948,C5720
C23767,C528
C10603,C5721
C18132,C585
C10603,C5720
C9268,C585
C10069,C585
C15432,C2389
C6787,C5720
C19861,C5721
C12202,C625
C22116,C5721
C4253,C5721
C15540,C612
C15163,C5721
C10150,C585
C12611,C585
C17693,C11188
C16616,C5721
C9764,C5721
C21970,C585
C8492,C625
C11975,C2389
C9764,C5720
C22515,C754
C9044,C5721
C1001,C529
C10827,C5721
C331,C1003
C4711,C5721
C16251,C743
C12387,C5721
C23009,C585
C1211,C504
C1161,C754
C9919,C5721
C12763,C5463
C19373,C585
C7462,C5721
C7934,C5721
C20785,C5721
C272,C5721
C650,C585
C10867,C585
C11578,C585
C15007,C5721
C8960,C585
C17693,C3668
C19084,C457
C735,C467
C9516,C5720
C12699,C5721
C1337,C585
C10357,C585
C17693,C11173
C1471,C585
C23211,C585
C8316,C5721
C12406,C5721
C11904,C754
C6935,C5721
C12889,C585
C15397,C529
C21412,C585
C8149,C5720
C12118,C585
C15378,C585
C448,C754
C18869,C585
C7956,C5721
C13352,C5463
C14288,C585
C7390,C585
C7446,C5721
C13916,C5721
C1411,C743
C12661,C585
C209,C585
C21521,C1065
C6797,C5721
C5224,C585
C11938,C5721
C5750,C585
C283,C5721
C3526,C585
C1112,C1003
C14358,C2651
C9228,C5720
C16369,C585
C17875,C754
C2662,C5720
C14823,C585
C3268,C2109
C12428,C5721
C699,C5721
C16042,C754
C5858,C529
C14578,C585
C18988,C5721
C15324,C5721
C14220,C585
C1550,C457
C13799,C5721
C9776,C2109
C2434,C1065
C22543,C504
C1209,C5721
C13230,C5721
C16234,C754
C1015,C5720
C13236,C3245
C7178,C5721
C20760,C5721
C7178,C5720
C1426,C5720
C15168,C1065
C8069,C5721
C17178,C529
C1019,C5721
C867,C5721
C1245,C5721
C16320,C585
C20187,C743
C22854,C754
C20181,C2651
C13109,C467
C13258,C5721
C11717,C585
C14166,C585
C2047,C5721
C10839,C457
C15833,C467
C10707,C5721
C14465,C457
C13640,C5721
C8223,C612
C14377,C585
C5875,C2109
C12651,C528
C11815,C5721
C16197,C585
C2434,C529
C12267,C585
C16616,C22400
C8205,C585
C16850,C457
C12638,C2511
C18540,C585
C9311,C467
C3167,C743
C8651,C585
C16191,C586
C15392,C585
C14549,C5096
C19636,C5721
C18666,C585
C15782,C5736
C17705,C5720
C6269,C5721
C1543,C5720
C6931,C5721
C28,C5721
C11665,C625
C7192,C5721
C14317,C5721
C13264,C585
C13511,C585
C7861,C585
C1569,C5721
C614,C467
C1008,C5721
C15272,C585
C15276,C5721
C5,C586
C1915,C5721
C7505,C529
C5493,C529
C7202,C5721
C1329,C585
C16399,C467
C14988,C467
C17879,C457
C10914,C743
C960,C2651
C20844,C585
C14447,C586
C5554,C585
C7448,C5721
C6064,C754
C6495,C5721
C18444,C5721
C18874,C1056
C9148,C457
C18733,C5721
C18139,C2651
C18642,C585
C15646,C585
C1465,C5721
C14278,C586
C21692,C5721
C6973,C457
C3318,C5721
C11948,C585
C5418,C5720
C963,C585
C8611,C5721
C11342,C5720
C5536,C5721
C719,C625
C15670,C5721
C8611,C5720
C18309,C5466
C10279,C585
C8062,C585
C9641,C5721
C6094,C585
C7873,C585
C16426,C467
C12046,C457
C4355,C5721
C463,C457
C8225,C5721
C22758,C9883
C17703,C5720
C1307,C585
C3745,C585
C10966,C585
C20199,C2651
C1857,C2026
C1553,C585
C10058,C529
C13250,C2881
C8891,C754
C19210,C625
C16291,C5721
C2767,C586
C11021,C1065
C13452,C754
C40,C585
C5609,C585
C20908,C5721
C1445,C5721
C9545,C585
C8645,C743
C26293,C5721
C15794,C585
C9317,C5720
C22327,C5720
C21919,C585
C1409,C585
C13709,C754
C7018,C585
C17693,C17292
C4282,C5721
C13371,C5721
C13371,C5720
C7808,C5720
C20744,C3574
C19897,C5720
C6953,C754
C17885,C754
C12455,C585
C17602,C5721
C10829,C585
C22300,C585
C4574,C5463
C14229,C5721
C18831,C585
C16026,C5721
C11101,C5721
C1415,C2651
C19023,C585
C10739,C529
C19673,C5720
C11074,C612
C16592,C585
C9929,C585
C9758,C585
C12083,C585
C9301,C585
C1515,C586
C18975,C5720
C8513,C5720
C17693,C1526
C591,C1549
C1923,C585
C20077,C585
C11122,C5721
C11402,C612
C2089,C5720
C8021,C1065
C473,C1065
C768,C754
C8972,C5721
C8635,C585
C18456,C612
C10445,C585
C20187,C1065
C11321,C2109
C18063,C585
C9024,C5720
C14523,C457
C16974,C585
C17857,C5720
C22689,C5721
C782,C1922
C27137,C585
C6229,C5720
C6785,C2008
C18533,C5721
C18533,C5720
C10458,C585
C10047,C612
C11844,C5463
C7341,C585
C9219,C2651
C10146,C5720
C16055,C612
C11244,C612
C10177,C5721
C8223,C586
C11549,C1065
C22885,C5736
C473,C529
C20153,C5720
C14794,C14122
C909,C5721
C18425,C585
C310,C754
C8561,C5721
C14517,C467
C9213,C5721
C17693,C9372
C19585,C585
C14268,C9883
C18440,C585
C12747,C5463
C7844,C15865
C13369,C5720
C17693,C9256
C6407,C5463
C18674,C586
C9418,C585
C22666,C754
C22591,C2651
C8030,C585
C1080,C1065
C19078,C585
C13158,C743
C8266,C5720
C7339,C743
C1303,C22897
C137,C3245
C17693,C12100
C11681,C585
C16373,C743
C9849,C5721
C2203,C585
C9884,C2651
C6141,C585
C22336,C5721
C388,C467
C22336,C5720
C16722,C585
C18591,C585
C343,C5721
C16371,C585
C14980,C467
C10492,C754
C4144,C585
C9341,C5720
C20218,C5721
C17749,C585
C13173,C457
C1668,C5720
C20218,C5720
C13998,C625
C1611,C2683
C4977,C5721
C10764,C457
C749,C5721
C874,C5721
C10022,C5720
C22668,C754
C18872,C5720
C1352,C2651
C5453,C16750
C13318,C5720
C4334,C612
C9248,C585
C6566,C2109
C12564,C585
C18054,C754
C16567,C743
C18529,C585
C10156,C5721
C13732,C754
C18596,C5721
C19785,C585
C12199,C5721
C18839,C585
C2291,C5721
C6507,C5721
C13687,C5721
C10077,C5721
C7121,C585
C21193,C5720
C8587,C5721
C17693,C375
C8659,C457
C8452,C5721
C12,C585
C12513,C754
C13356,C585
C20887,C5720
C6171,C585
C7767,C585
C6073,C585
C70,C5720
C6131,C585
C17418,C585
C2882,C1065
C7641,C585
C1477,C22032
C5963,C585
C18520,C612
C19396,C5721
C1026,C585
C1923,C625
C9161,C5096
C11710,C5721
C12149,C585
C13039,C585
C14722,C5721
C12203,C585
C12036,C754
C11307,C2651
C18852,C585
C8011,C585
C13483,C585
C16262,C586
C7059,C5721
C6167,C2651
C8974,C5721
C20714,C585
C5820,C1065
C7774,C5721
C15797,C585
C10503,C5721
C8914,C5721
C19999,C585
C680,C17640
C5751,C5721
C11516,C585
C9311,C743
C386,C5720
C17464,C585
C15998,C585
C10634,C5721
C14862,C585
C22901,C612
C18493,C5720
C602,C457
C7579,C585
C9615,C529
C13570,C743
C13343,C2026
C10326,C585
C3279,C5721
C13901,C5721
C12410,C754
C614,C743
C14309,C5721
C13150,C5721
C5820,C529
C9072,C2109
C6775,C457
C11260,C585
C16953,C585
C7865,C585
C987,C5721
C17512,C585
C12588,C754
C13685,C5721
C17693,C13254
C18900,C5721
C326,C1003
C13239,C2109
C1276,C467
C16399,C743
C19990,C2651
C14895,C529
C9933,C5721
C7753,C585
C9822,C585
C6055,C5720
C16180,C5463
C23398,C1065
C979,C585
C7740,C743
C14451,C457
C16531,C2109
C12244,C529
C10741,C5721
C17363,C467
C69,C585
C3762,C743
C7956,C743
C11764,C2651
C5742,C585
C677,C5721
C19930,C585
C1882,C5721
C17693,C24792
C4010,C585
C405,C2109
C356,C5721
C9820,C625
C8420,C585
C15987,C585
C11609,C5721
C6102,C585
C8414,C585
C19993,C585
C7476,C612
C7346,C5720
C19479,C585
C1202,C585
C10146,C612
C6963,C5721
C9743,C743
C21949,C5721
C1588,C2651
C12810,C2026
C10403,C2651
C8524,C585
C9533,C5721
C16381,C529
C2035,C5721
C16416,C585
C21054,C585
C19701,C5721
C771,C2651
C22997,C5721
C9110,C5721
C8873,C743
C1532,C9883
C17359,C5721
C12552,C2651
C6473,C5721
C17205,C754
C13866,C585
C7121,C625
C3510,C5721
C16936,C5721
C15378,C5463
C16712,C5913
C5921,C467
C471,C585
C18131,C5721
C8009,C2651
C10870,C5463
C1779,C5721
C8151,C5721
C15597,C5720
C18576,C5721
C20991,C585
C15725,C2651
C145,C5720
C19035,C5721
C17693,C6922
C21202,C1065
C16516,C585
C2254,C5721
C5843,C5721
C12654,C2651
C11001,C5721
C1084,C585
C5817,C754
C1148,C5721
C9281,C743
C18941,C5463
C7103,C585
C11555,C5721
C216,C529
C7254,C754
C8346,C585
C8094,C5721
C9274,C5721
C18749,C5721
C14494,C1065
C18769,C585
C21216,C467
C3410,C5720
C13890,C5721
C12085,C5721
C18487,C585
C3097,C743
C800,C585
C7575,C5721
C6083,C5720
C8342,C585
C4955,C585
C19380,C612
C16480,C5721
C22671,C5720
C15070,C5720
C18751,C585
C20207,C585
C24280,C5720
C6865,C5720
C5997,C754
C7472,C585
C1289,C5721
C1289,C5720
C21216,C2651
C10909,C5721
C16011,C5721
C8903,C585
C9833,C2651
C20011,C585
C16748,C743
C1055,C585
C1165,C585
C7168,C5721
C12269,C5721
C18965,C754
C16299,C585
C20764,C5721
C1136,C585
C14619,C5721
C18032,C743
C6893,C5721
C18654,C585
C13877,C5721
C11741,C5720
C12214,C2651
C11099,C5721
C935,C585
C21192,C585
C570,C585
C9224,C585
C4359,C585
C9479,C5721
C15414,C5721
C21201,C5720
C8713,C5721
C8446,C585
C12286,C585
C20396,C585
C19746,C754
C18781,C585
C6937,C585
C144,C585
C853,C5721
C1260,C457
C4929,C5721
C4013,C585
C19825,C585
C13360,C5463
C727,C585
C10529,C5721
C10827,C529
C20821,C586
C14264,C585
C12387,C529
C10527,C585
C4785,C18057
C12478,C5721
C14449,C5720
C6969,C585
C22930,C5720
C14853,C529
C1013,C5720
C10716,C1065
C8169,C5721
C9114,C5721
C953,C585
C16704,C585
C17693,C4798
C19127,C585
C19707,C585
C16164,C2651
C11105,C585
C19653,C585
C886,C5721
C16965,C5721
C529,C7168
C9941,C625
C20442,C586
C15729,C586
C17377,C5721
C7454,C529
C3762,C1065
C895,C585
C23105,C5720
C7683,C5721
C5905,C5720
C18462,C585
C8583,C585
C13916,C1065
C876,C2109
C3112,C5720
C920,C5721
C16777,C457
C457,C315
C12515,C2651
C17131,C3574
C7247,C585
C16144,C3574
C13309,C585
C667,C612
C21462,C585
C8264,C5720
C22168,C5721
C14775,C5721
C7956,C529
C12133,C467
C16278,C5721
C2150,C5721
C7966,C5721
C16469,C585
C10964,C5721
C11122,C743
C1480,C549
C9994,C585
C20813,C625
C23925,C23778
C13119,C5721
C17387,C1065
C1834,C5721
C2286,C585
C13551,C2189
C1637,C368
C867,C1065
C6696,C5720
C5097,C585
C17693,C2293
C9493,C467
C8121,C5721
C11870,C5721
C6402,C585
C16843,C585
C6824,C585
C8589,C2651
C11800,C585
C16465,C585
C22909,C585
C11068,C585
C436,C529
C4863,C9883
C19762,C585
C730,C5721
C7210,C585
C22047,C585
C11174,C585
C14833,C5720
C347,C585
C867,C529
C2923,C585
C20089,C5720
C3103,C585
C15202,C585
C15429,C5720
C1107,C5721
C871,C5721
C19976,C754
C10554,C585
C13258,C529
C11313,C5721
C22158,C585
C22195,C2651
C15447,C5720
C8047,C5721
C1400,C2651
C363,C5721
C535,C5720
C18428,C5721
C14110,C5720
C8064,C585
C8511,C5721
C11545,C5721
C1427,C586
C8511,C5720
C11140,C585
C10970,C585
C19416,C585
C4327,C5721
C10725,C585
C9020,C5721
C23200,C585
C21349,C5721
C12320,C5721
C711,C585
C24464,C754
C10462,C5721
C16698,C5721
C13207,C585
C13046,C585
C15967,C5720
C1139,C1763
C17821,C5721
C5853,C743
C7760,C2109
C14061,C585
C1543,C529
C10103,C585
C10912,C585
C9266,C585
C13078,C457
C9291,C585
C7769,C5720
C11352,C585
C16822,C5721
C13418,C585
C9055,C585
C19025,C1922
C14168,C5720
C10833,C457
C17558,C5721
C1487,C754
C10817,C5721
C771,C743
C816,C5721
C13956,C5721
C18713,C15865
C7215,C5721
C6265,C585
C14519,C5736
C7993,C5721
C1462,C5720
C463,C2109
C12722,C5720
C12651,C529
C17233,C2651
C17014,C5720
C1240,C585
C13489,C585
C7214,C5721
C813,C5721
C11681,C5463
C11151,C585
C1145,C585
C22484,C585
C10531,C585
C14682,C5721
C19217,C585
C12137,C5721
C10043,C5463
C21115,C585
C18343,C585
C17991,C5736
C19172,C585
C5237,C585
C15939,C1065
C23055,C585
C2209,C5721
C11929,C585
C16310,C585
C5921,C743
C1098,C612
C18043,C5721
C6377,C585
C729,C585
C13785,C585
C16291,C529
C3461,C585
C1132,C585
C7788,C5720
C219,C585
C7061,C585
C6799,C457
C12616,C743
C8698,C5736
C13845,C5720
C19162,C5720
C3840,C585
C22270,C1065
C7878,C754
C16585,C585
C11086,C5721
C7944,C585
C12352,C5720
C1377,C5721
C18971,C586
C18682,C467
C21521,C754
C1377,C5720
C8009,C457
C10618,C585
C247,C585
C12525,C585
C6285,C5720
C16638,C5463
C16420,C585
C14663,C754
C22320,C2651
C686,C5463
C13621,C5463
C6003,C5721
C16253,C585
C9694,C585
C18379,C5720
C1368,C585
C13685,C743
C19145,C585
C18537,C5721
C2056,C754
C16983,C5720
C16206,C5721
C9389,C4169
C14744,C467
C6551,C585
C19050,C5720
C837,C585
C59,C3370
C15723,C585
C1802,C5720
C344,C5721
C16069,C585
C106,C5720
C6361,C625
C12484,C5721
C13205,C457
C7113,C5720
C14744,C2651
C19183,C5721
C8100,C743
C13218,C1065
C214,C1173
C342,C1003
C18678,C5721
C13715,C585
C19201,C5789
C16341,C585
C9230,C586
C15441,C585
C460,C5720
C6709,C5720
C18292,C5721
C14714,C5721
C13303,C1015
C16758,C5720
C19042,C585
C12640,C5826
C13164,C5721
C18827,C5721
C6693,C5721
C18348,C5720
C6959,C457
C2344,C368
C2816,C5721
C19481,C743
C17693,C491
C16191,C585
C7418,C625
C13281,C5721
C847,C5721
C8026,C625
C6259,C5721
C11439,C585
C7050,C612
C6574,C5720
C8278,C5721
C11787,C5720
C9140,C585
C6687,C754
C19816,C585
C19332,C585
C18624,C5721
C11727,C5721
C11198,C5721
C624,C585
C13076,C457
C8834,C2109
C6590,C457
C1322,C5721
C9849,C529
C7133,C585
C15126,C457
C22462,C585
C19570,C754
C19323,C529
C10156,C1065
C21593,C5720
C17039,C612
C6320,C585
C152,C27020
C12847,C585
C137,C2651
C12199,C1065
C19655,C585
C10173,C5721
C3787,C585
C771,C1065
C6600,C5720
C6255,C5721
C1180,C5721
C10697,C5721
C14447,C585
C8094,C743
C14143,C467
C6909,C5721
C10997,C754
C5593,C754
C8481,C18266
C16457,C586
C8741,C5720
C22305,C5721
C13441,C5721
C22859,C5721
C6521,C467
C18890,C585
C6177,C22400
C22859,C5720
C1375,C5721
C21621,C5720
C12199,C529
C14258,C5721
C149,C457
C11755,C5720
C16581,C585
C9493,C743
C13610,C5720
C19421,C585
C97,C585
C12399,C2109
C12705,C585
C21247,C754
C7225,C612
C23074,C2651
C10601,C5721
C750,C585
C6754,C5721
C18150,C585
C22756,C528
C10114,C585
C19238,C585
C19854,C585
C6389,C5720
C14619,C743
C8875,C743
C11013,C754
C10423,C585
C17823,C1065
C17843,C585
C5751,C1065
C3282,C612
C18815,C5720
C20137,C5721
C8355,C5721
C334,C585
C10776,C754
C19107,C5721
C8994,C5736
C22258,C754
C22333,C5721
C10634,C1065
C23038,C754
C9220,C5721
C11543,C586
C12992,C5463
C1725,C5721
C6485,C529
C21014,C529
C10293,C743
C1467,C612
C22873,C754
C7737,C585
C12594,C585
C13576,C5720
C13521,C5721
C1089,C4682
C15189,C754
C16524,C5736
C22675,C5720
C13685,C1065
C3067,C2651
C11954,C585
C18,C585
C1243,C529
C13811,C5721
C9933,C1065
C6847,C585
C10634,C529
C20023,C5720
C6806,C585
C8486,C625
C16775,C5721
C4095,C2651
C6939,C529
C8947,C585
C20155,C585
C920,C743
C14526,C586
C17979,C9883
C7976,C585
C9784,C2651
C2526,C585
C13121,C5720
C10622,C5720
C5362,C585
C3501,C5721
C1386,C5721
C19231,C5721
C10169,C457
C22392,C5720
C1655,C585
C13795,C754
C9246,C5721
C9161,C5463
C11491,C5721
C17781,C5720
C20406,C625
C6452,C585
C3268,C5720
C10018,C585
C9067,C585
C9232,C3245
C11890,C5721
C19083,C743
C16752,C585
C8728,C585
C16572,C585
C10081,C743
C13665,C5720
C15266,C585
C8223,C585
C733,C5721
C9154,C585
C7626,C585
C11609,C529
C7556,C5720
C13021,C585
C14447,C625
C14731,C2651
C8812,C5721
C1168,C585
C19803,C586
C8377,C5721
C261,C585
C21309,C529
C395,C322
C841,C585
C1456,C2651
C14601,C1065
C1835,C585
C16951,C585
C19444,C585
C20532,C754
C536,C585
C7050,C586
C9423,C5721
C5888,C1065
C1382,C585
C16033,C5720
C10251,C5721
C22869,C5721
C18384,C585
C15475,C585
C12222,C585
C7685,C5721
C8094,C1065
C13309,C5463
C19335,C5721
C16426,C2109
C20017,C5720
C16058,C625
C2521,C22400
C7054,C5721
C14601,C529
C17150,C5721
C3199,C585
C7413,C585
C13136,C2651
C3860,C585
C18373,C585
C9689,C585
C6440,C585
C15445,C1065
C126,C5721
C14919,C585
C12206,C5720
C9293,C585
C22370,C585
C10688,C5721
C17763,C5721
C5843,C529
C14690,C585
C7948,C585
C1906,C1973
C11484,C5721
C1148,C529
C11001,C529
C939,C585
C22536,C5721
C10123,C5721
C15786,C5720
C9751,C585
C11031,C5720
C18793,C585
C11208,C5721
C12269,C1065
C8976,C585
C6010,C5721
C19263,C9883
C5515,C5721
C7699,C585
C8741,C612
C22289,C585
C19624,C5720
C1020,C5721
C19151,C585
C290,C743
C1178,C5721
C8627,C457
C14738,C585
C689,C754
C9208,C585
C3282,C586
C13610,C612
C8341,C585
C853,C1065
C19400,C5721
C26666,C585
C22700,C5721
C1364,C5721
C23451,C586
C8082,C743
C958,C457
C6458,C5720
C7168,C529
C17368,C5721
C6729,C5096
C8107,C5721
C20007,C585
C19393,C754
C13397,C585
C6151,C5721
C13730,C585
C1260,C2109
C18141,C2651
C22666,C612
C26952,C4784
C10523,C5720
C12298,C743
C11459,C5721
C12745,C1065
C8295,C5721
C10904,C754
C9574,C457
C13931,C586
C6524,C5720
C17956,C2519
C853,C529
C11537,C5721
C14438,C1883
C8653,C585
C11074,C585
C13845,C586
C9098,C5721
C13750,C585
C869,C5720
C2833,C585
C22107,C5720
C1089,C5721
C9904,C467
C11134,C5721
C13576,C612
C7714,C5720
C15902,C585
C6810,C25879
C8169,C529
C20314,C585
C9580,C585
C12403,C743
C13273,C2026
C571,C5721
C8924,C612
C17993,C5096
C18421,C5721
C9990,C5720
C20168,C585
C15075,C5721
C3471,C5721
C18456,C585
C8005,C585
C5315,C5720
C9028,C5721
C887,C5736
C8519,C5721
C19821,C5720
C19448,C585
C381,C5721
C1440,C2109
C8458,C5721
C10047,C585
C7754,C585
C9676,C743
C18041,C5721
C10283,C457
C18092,C5463
C19515,C529
C22521,C625
C8508,C2651
C544,C5721
C7501,C5720
C555,C585
C1349,C5721
C17572,C1065
C10587,C5720
C14980,C2109
C14078,C585
C11424,C5721
C7235,C467
C12677,C5720
C11768,C5721
C475,C585
C15961,C5721
C1369,C754
C12689,C585
C1825,C5721
C14922,C625
C127,C5721
C2548,C5721
C10964,C529
C127,C5720
C11827,C2174
C10632,C585
C19272,C5721
C1365,C585
C6271,C5721
C26975,C5721
C8861,C5721
C2007,C1124
C8910,C585
C18170,C529
C21056,C5721
C20361,C585
C1218,C585
C11354,C5720
C13364,C5721
C9013,C5721
C14606,C585
C15156,C585
C7654,C585
C11292,C5720
C12951,C585
C18953,C585
C1053,C5721
C11900,C5721
C19509,C754
C11407,C585
C17789,C743
C5929,C467
C5481,C3245
C19149,C5721
C2657,C754
C12063,C5721
C14095,C5721
C235,C585
C6876,C5721
C21202,C754
C9937,C5720
C9430,C585
C8175,C5721
C755,C2651
C7174,C612
C15337,C585
C4973,C585
C18996,C5721
C6144,C2008
C812,C2109
C6903,C585
C8932,C585
C2117,C5721
C7973,C625
C20013,C5721
C19544,C5721
C4334,C585
C1282,C585
C14744,C1065
C16490,C585
C12733,C585
C3597,C754
C10888,C457
C18949,C585
C14967,C612
C2103,C5720
C3093,C585
C14053,C1065
C6259,C743
C9020,C529
C16262,C625
C16070,C612
C11950,C2651
C228,C5720
C4002,C5720
C7674,C5721
C7516,C5721
C12091,C467
C17481,C585
C395,C20462
C16576,C754
C20413,C2651
C9768,C585
C19848,C457
C13600,C585
C3784,C625
C6836,C585
C11342,C585
C16441,C5721
C19530,C5721
C2798,C467
C16018,C2389
C11631,C586
C11147,C5720
C8901,C585
C18520,C585
C20520,C457
C10640,C612
C7639,C585
C10670,C5721
C5948,C3173
C5076,C585
C664,C585
C2473,C5721
C19240,C585
C20185,C585
C13441,C743
C9186,C585
C10091,C585
C634,C5463
C9030,C585
C18436,C5721
C8437,C5720
C17611,C612
C19760,C5721
C1449,C754
C1410,C5721
C10709,C585
C1188,C585
C584,C5721
C98,C585
C19189,C743
C16144,C4784
C10373,C5721
C16712,C13230
C21081,C5721
C11219,C585
C17100,C585
C23192,C585
C22040,C585
C12098,C5721
C1544,C5721
C21927,C5721
C22852,C5721
C20027,C5721
C11770,C5721
C1197,C5721
C7156,C2651
C6771,C5721
C23767,C754
C20821,C585
C7808,C585
C6467,C457
C22746,C585
C15744,C2109
C19897,C585
C13583,C529
C18912,C585
C8615,C5721
C1420,C1065
C17668,C5721
C8615,C5720
C7514,C5721
C20035,C585
C19324,C457
C15843,C754
C7158,C5720
C54,C754
C12652,C754
C18197,C585
C21036,C5720
C1024,C612
C19805,C5721
C1311,C504
C14638,C754
C1104,C5721
C19898,C585
C19656,C5721
C1280,C5721
C18042,C2651
C20442,C585
C15729,C585
C17693,C925
C8282,C612
C9676,C1065
C7292,C585
C15477,C1015
C980,C457
C8840,C585
C8513,C585
C10813,C585
C3907,C457
C18613,C5720
C2382,C585
C16004,C585
C6917,C5721
C3495,C2109
C19643,C743
C11281,C5721
C19965,C5721
C10992,C5721
C9425,C5720
C230,C5720
C817,C5721
C3926,C5721
C16379,C2651
C9347,C5720
C232,C585
C1217,C5736
C11639,C743
C436,C754
C14114,C585
C13239,C5721
C202,C585
C9389,C5721
C17857,C585
C7067,C5720
C8637,C585
C22001,C5721
C8238,C5721
C8544,C467
C15588,C4682
C14010,C585
C269,C5721
C19164,C5721
C11414,C467
C18617,C585
C7416,C625
C11161,C5721
C19183,C1065
C6308,C743
C10146,C585
C12517,C5463
C20800,C5721
C3634,C585
C21161,C754
C11821,C5721
C331,C3468
C20524,C5789
C12720,C5721
C8472,C743
C5188,C585
C19343,C5721
C8395,C625
C12189,C5721
C14496,C5463
C9242,C467
C12609,C585
C10167,C5721
C4308,C5721
C4308,C5720
C1514,C612
C11641,C585
C13074,C743
C18727,C585
C416,C585
C13918,C1065
C12949,C5721
C646,C585
C9950,C467
C6853,C585
C898,C5720
C18886,C5721
C20891,C625
C2413,C457
C7734,C5721
C6039,C5721
C8266,C585
C20681,C754
C1277,C2651
C16852,C5720
C17693,C4866
C5594,C754
C22433,C5720
C8454,C5721
C8196,C5721
C12792,C5720
C6802,C585
C16241,C5463
C10856,C5721
C18842,C5720
C11942,C5721
C18475,C2109
C10478,C5721
C21207,C1065
C6259,C1065
C7746,C585
C17693,C26739
C22824,C2651
C6924,C625
C9313,C5721
C22953,C5720
C1155,C585
C8956,C585
C1322,C1065
C3194,C5463
C7722,C2651
C9341,C585
C9696,C754
C7564,C5720
C6767,C5721
C7758,C5720
C9904,C743
C4180,C585
C13076,C2109
C14934,C457
C1567,C5721
C10364,C5721
C10022,C585
C22144,C1883
C2892,C585
C2039,C2983
C9840,C612
C14374,C625
C18872,C585
C8211,C5721
C17217,C5721
C15498,C586
C13052,C585
C1112,C3468
C15586,C585
C21035,C585
C7154,C5720
C22123,C754
C14083,C467
C8232,C5721
C19735,C5721
C1322,C529
C395,C5424
C5633,C754
C23149,C5720
C14561,C5096
C23156,C585
C6077,C585
C10640,C586
C16737,C754
C14402,C5721
C11725,C585
C23290,C754
C19385,C5721
C3282,C2189
C16088,C5720
C12578,C5736
C138,C1173
C810,C529
C15040,C585
C16841,C612
C13044,C5720
C14687,C625
C16814,C5721
C14182,C585
C1730,C2651
C19090,C585
C70,C585
C22565,C5720
C10219,C585
C8528,C5736
C12061,C5721
C7235,C743
C18371,C5720
C7442,C585
C117,C585
C13300,C5721
C7633,C586
C22492,C5721
C482,C5720
C11560,C585
C16358,C586
C21643,C585
C20546,C1065
C24495,C5721
C9309,C586
C8194,C585
C20532,C706
C358,C5721
C5828,C5720
C17833,C585
C12430,C5463
C6669,C585
C3513,C585
C1067,C585
C9477,C2651
C8429,C585
C6883,C5721
C6275,C585
C13646,C2651
C6714,C2109
C18798,C5720
C1469,C585
C9206,C5721
C18411,C585
C18874,C1003
C11654,C5721
C9206,C5720
C14755,C5721
C386,C585
C153,C5720
C6821,C585
C9633,C754
C10628,C5721
C20800,C2008
C4285,C585
C205,C586
C9144,C585
C10020,C585
C20546,C529
C20503,C754
C16354,C585
C1002,C585
C22532,C5721
C16477,C585
C19109,C5721
C1181,C585
C13436,C2109
C15705,C5721
C3698,C2651
C13851,C5721
C7794,C5720
C7608,C5720
C21869,C754
C3728,C2651
C12904,C5721
C14547,C5721
C16251,C5720
C12920,C5721
C18971,C585
C14547,C5720
C21746,C467
C876,C5721
C6055,C585
C19879,C5721
C1105,C5721
C7379,C743
C1524,C585
C12471,C585
C20995,C5463
C680,C5721
C877,C5720
C18423,C5721
C86,C2983
C1387,C743
C13048,C585
C395,C3202
C653,C5720
C10158,C5721
C8062,C3245
C10794,C5721
C10794,C5720
C13979,C457
C19614,C585
C10624,C5720
C15588,C5720
C9784,C5720
C16531,C612
C6045,C5720
C13312,C585
C16179,C1065
C20971,C467
C690,C5721
C1550,C5721
C18927,C585
C18605,C585
C1550,C5720
C6707,C467
C22210,C5721
C11719,C5721
C9448,C5721
C19475,C5721
C2287,C585
C487,C585
C10362,C5721
C18355,C585
C684,C5721
C829,C2026
C548,C754
C22674,C5721
C13074,C529
C9230,C585
C270,C5720
C6625,C5721
C15782,C754
C2957,C585
C1135,C1065
C15351,C585
C7219,C5721
C11069,C585
C6435,C5721
C19326,C5721
C8246,C625
C6435,C5720
C3374,C2109
C12870,C5720
C9555,C5721
C15455,C585
C724,C585
C5534,C585
C16652,C5721
C22432,C529
C15597,C585
C22513,C5720
C652,C585
C7997,C743
C5987,C754
C6949,C5721
C9091,C625
C21974,C5721
C15804,C5720
C1486,C5721
C145,C585
C15692,C2109
C10254,C585
C17867,C743
C11637,C457
C6353,C585
C1430,C5720
C1063,C5721
C72,C585
C1501,C585
C16590,C5721
C13362,C743
C542,C5720
C12082,C754
C9423,C529
C1039,C5721
C9222,C586
C7564,C612
C851,C585
C16379,C743
C468,C585
C21686,C585
C19801,C5721
C5876,C5721
C20187,C5720
C13323,C585
C7854,C5721
C15070,C585
C5904,C231
C18353,C625
C355,C457
C395,C17847
C9585,C5721
C23093,C585
C16841,C586
C21741,C585
C12718,C585
C1578,C5721
C17879,C5721
C18951,C585
C14202,C585
C2299,C1065
C14328,C585
C7525,C1065
C18634,C5721
C17468,C5721
C395,C1011
C12453,C5096
C11088,C5720
C11366,C529
C13696,C612
C18332,C5721
C1221,C585
C17693,C17874
C1235,C2983
C16457,C585
C19426,C5721
C19430,C2651
C8544,C743
C11414,C743
C2057,C2021
C14746,C1065
C22173,C2651
C9445,C5721
C629,C5720
C15771,C585
C9250,C743
C6973,C5721
C14779,C5721
C11392,C5721
C2877,C585
C12013,C585
C14199,C585
C16071,C1065
C19114,C743
C14625,C5721
C12046,C5721
C1228,C585
C20789,C585
C13973,C5721
C13831,C5721
C12325,C585
C18884,C467
C18489,C467
C7303,C585
C395,C12996
C11425,C585
C17772,C585
C13433,C625
C11253,C585
C1210,C5721
C19477,C5721
C6558,C5721
C1423,C5721
C7898,C754
C6558,C5720
C22930,C585
C20224,C5721
C8782,C5720
C12065,C585
C21036,C586
C21655,C585
C3188,C585
C21519,C2651
C14984,C754
C13661,C1065
C8917,C5721
C12523,C5721
C15497,C754
C590,C457
C13819,C585
C19404,C585
C16587,C585
C1315,C585
C17911,C2651
C1751,C5720
C23105,C585
C15122,C528
C13623,C5720
C11108,C585
C2654,C754
C9458,C5721
C5905,C585
C19789,C585
C602,C4682
C3112,C585
C15196,C467
C8613,C585
C821,C585
C13842,C625
C20145,C5721
C16671,C585
C6918,C585
C19656,C743
C19124,C5720
C9529,C457
C10099,C585
C10753,C5721
C9146,C585
C9553,C5721
C11723,C586
C10796,C467
C14467,C5463
C11134,C529
C502,C5721
C485,C5721
C16596,C585
C12508,C585
C1211,C1173
C8028,C585
C11957,C5721
C19006,C585
C7262,C585
C11864,C585
C19037,C585
C1539,C5721
C14083,C743
C22273,C5720
C12234,C5721
C1539,C5720
C19223,C5721
C1350,C5463
C14694,C467
C854,C585
C17422,C5736
C7085,C5721
C14848,C585
C7782,C5720
C21276,C585
C15511,C585
C3636,C5720
C10796,C2651
C6733,C5721
C2505,C5721
C8548,C585
C7854,C22400
C10163,C2683
C6696,C585
C6729,C5463
C13705,C467
C7756,C5720
C15432,C2109
C14523,C5721
C7152,C585
C2530,C585
C25685,C2651
C8098,C585
C15852,C5720
C185,C457
C9623,C5721
C2471,C754
C22277,C5721
C3565,C585
C6024,C585
C1657,C585
C1389,C457
C2757,C5721
C110,C585
C12323,C586
C20511,C1065
C12197,C585
C9089,C585
C14833,C585
C14988,C4682
C9,C5721
C19803,C585
C16557,C5721
C7279,C585
C151,C820
C6891,C1065
C1450,C585
C13650,C5721
C535,C585
C1058,C585
C16888,C5721
C594,C585
C21353,C625
C17693,C12697
C6701,C625
C12675,C754
C14717,C5721
C575,C5721
C7050,C585
C22723,C754
C15104,C585
C797,C2109
C18854,C529
C15193,C585
C26347,C5463
C11477,C585
C304,C457
C17867,C529
C742,C5720
C8846,C5720
C15546,C754
C15967,C585
C18731,C585
C2521,C2983
C25,C529
C20842,C586
C10837,C2109
C2557,C457
C12391,C457
C19969,C585
C20317,C5721
C12257,C529
C2304,C585
C793,C754
C10888,C2109
C7006,C585
C13173,C5721
C10978,C586
C18526,C5720
C6066,C585
C22085,C2651
C21095,C457
C7869,C625
C707,C585
C9681,C9883
C10764,C5721
C318,C5721
C7769,C585
C7845,C5721
C636,C5720
C1225,C754
C19544,C529
C43,C5720
C4267,C5720
C5904,C1065
C10277,C5721
C8211,C743
C10933,C586
C9242,C1065
C14168,C585
C4869,C612
C18434,C585
C17375,C585
C10770,C585
C735,C5720
C14349,C585
C4318,C5720
C49,C625
C20520,C2109
C1462,C585
C17016,C754
C3554,C585
C18487,C9883
C16875,C1065
C18082,C2109
C6707,C743
C14302,C5721
C5552,C585
C5613,C585
C14764,C3574
C143,C5721
C17063,C5721
C23254,C2651
C7830,C585
C12399,C5721
C14085,C585
C3282,C585
C985,C585
C19292,C5721
C19006,C625
C6771,C1065
C12061,C743
C20246,C754
C20460,C5721
C6957,C5720
C1677,C585
C9687,C586
C9902,C457
C18888,C2983
C1952,C5721
C12745,C754
C6253,C585
C234,C19174
C1467,C585
C1993,C5720
C5793,C5721
C21224,C612
C9095,C18135
C11856,C5736
C6290,C585
C7645,C585
C19256,C4784
C873,C4784
C15518,C585
C18929,C585
C395,C5216
C6161,C5463
C9608,C585
C22844,C585
C705,C625
C1175,C585
C1279,C625
C4343,C586
C20289,C528
C220,C5721
C4421,C585
C13845,C585
C19162,C585
C11481,C585
C14083,C1065
C5498,C585
C805,C585
C10821,C5721
C825,C585
C8629,C585
C11699,C5721
C12352,C585
C7595,C585
C12864,C5720
C602,C5721
C8756,C5721
C18322,C5720
C22123,C706
C17693,C16576
C8778,C5721
C22712,C5721
C12306,C5721
C980,C2109
C6285,C585
C15141,C5721
C7077,C585
C11753,C5721
C118,C585
C11753,C5720
C2292,C3468
C17082,C1065
C6775,C5721
C15833,C5721
C21511,C585
C23026,C754
C26202,C5720
C11952,C529
C8238,C1065
C17895,C2651
C3558,C5721
C19268,C585
C8257,C5721
C19199,C457
C16756,C5720
C16447,C5721
C14354,C754
C19050,C585
C405,C1065
C373,C5721
C1802,C585
C11418,C5721
C21,C2651
C8645,C612
C9578,C5721
C18273,C5721
C8340,C3574
C17182,C457
C1817,C5720
C679,C585
C10890,C585
C767,C585
C11504,C585
C18777,C754
C6395,C743
C17678,C743
C13615,C585
C13570,C5720
C18132,C2651
C8111,C5721
C19219,C5721
C8238,C529
C18825,C585
C19219,C5720
C10069,C2651
C12682,C743
C20827,C585
C1991,C743
C9032,C5720
C15905,C5721
C460,C585
C10880,C754
C1411,C586
C17924,C754
C7734,C1065
C7586,C585
C4941,C754
C9409,C5721
C18489,C743
C10664,C5721
C13132,C1065
C2162,C5720
C7194,C585
C8454,C1065
C10150,C2651
C23188,C5721
C4407,C585
C16758,C585
C17163,C5721
C1857,C743
C14988,C5720
C18139,C5720
C19867,C5721
C17869,C2651
C7740,C5720
C19859,C5720
C3256,C5721
C20767,C585
C684,C743
C19856,C585
C22725,C5721
C11061,C5721
C22725,C5720
C20758,C585
C13519,C585
C13010,C585
C22988,C754
C6760,C5721
C9439,C5721
C17889,C585
C22830,C585
C12471,C5463
C6574,C585
C13896,C2651
C6598,C625
C21424,C5721
C16264,C585
C1089,C2855
C22291,C5720
C8454,C529
C3342,C5721
C20199,C5720
C13585,C5720
C13243,C5696
C195,C585
C8966,C585
C719,C467
C21593,C585
C395,C9895
C17397,C585
C16426,C5720
C11405,C743
C9743,C5720
C1572,C585
C1481,C585
C8232,C1065
C1070,C585
C18599,C5720
C597,C585
C15053,C585
C4743,C585
C6767,C529
C22912,C754
C719,C2651
C5802,C19697
C13086,C457
C8741,C585
C16239,C585
C5927,C5721
C697,C5721
C8272,C585
C11013,C4784
C19778,C5463
C10568,C754
C12436,C5721
C1059,C585
C865,C5721
C22679,C5721
C8017,C5721
C7383,C2109
C6717,C585
C1415,C5720
C7339,C612
C8280,C5721
C15877,C754
C4936,C5721
C735,C612
C13610,C585
C13705,C743
C7848,C5721
C15707,C5720
C8232,C529
C17693,C20059
C11069,C5463
C22465,C5721
C21159,C22400
C16373,C612
C15880,C5463
C16375,C585
C18986,C457
C725,C5720
C14938,C754
C18414,C585
C22378,C5721
C9566,C5721
C9281,C5720
C6389,C585
C22378,C5720
C6883,C1065
C10823,C585
C22666,C585
C17370,C743
C18432,C585
C12628,C586
C2,C9883
C6607,C754
C18815,C585
C5776,C528
C17003,C5721
C4548,C5721
C14625,C743
C1420,C754
C3310,C754
C8178,C5721
C6251,C585
C18945,C5720
C21202,C612
C2057,C2983
C13576,C585
C6883,C529
C23280,C5721
C406,C5720
C19014,C754
C7235,C2109
C1036,C5720
C8924,C585
C3422,C585
C20374,C5721
C10005,C529
C12904,C1065
C22668,C585
C992,C754
C16405,C625
C14028,C2109
C22731,C5736
C204,C585
C7194,C625
C674,C5721
C12956,C5721
C7190,C5721
C2084,C5721
C8462,C5721
C8236,C5721
C13117,C457
C18423,C1065
C20283,C754
C6596,C5721
C910,C5463
C22591,C5720
C10353,C5720
C1207,C5721
C8251,C5721
C13511,C2651
C22048,C5720
C10622,C585
C18560,C754
C10371,C625
C22486,C5721
C20229,C585
C10591,C5721
C2882,C586
C7129,C585
C9647,C625
C8715,C5721
C1062,C5721
C6342,C585
C12904,C529
C1291,C585
C12387,C612
C876,C529
C2076,C529
C1329,C2651
C1211,C1056
C18623,C5721
C11858,C5721
C16825,C586
C1440,C5720
C8996,C457
C7900,C585
C10510,C585
C3268,C585
C11338,C467
C10620,C743
C18423,C529
C2891,C5720
C13665,C585
C10960,C5721
C6659,C5721
C12968,C585
C11257,C5721
C9311,C612
C20889,C529
C14644,C585
C5808,C16369
C4059,C585
C684,C1065
C19505,C585
C17693,C14635
C12275,C585
C1044,C5721
C10412,C5721
C8320,C585
C5913,C467
C16473,C5721
C597,C625
C8789,C5721
C12829,C585
C1352,C5720
C18771,C3245
C11338,C2651
C10460,C585
C20511,C2174
C2229,C1065
C12091,C2109
C12244,C586
C1550,C529
C3600,C5721
C241,C585
C21931,C754
C6949,C1065
C7958,C585
C12345,C5721
C19290,C743
C13998,C467
C7873,C2651
C13185,C5721
C804,C5721
C13185,C5720
C954,C9883
C16709,C585
C9289,C585
C7174,C585
C18690,C585
C15843,C612
C12228,C612
C18395,C585
C842,C5720
C1502,C5720
C22938,C5463
C15366,C5721
C113,C549
C8579,C585
C8052,C5721
C14757,C5721
C498,C5721
C13916,C612
C16316,C585
C8180,C2651
C1162,C5721
C19671,C754
C23911,C467
C16545,C5721
C14967,C585
C1574,C585
C16381,C586
C5561,C585
C13007,C585
C6589,C5721
C11557,C754
C21129,C754
C5864,C1015
C394,C743
C16850,C529
C7485,C5721
C25845,C5721
C13144,C585
C12216,C585
C22300,C2651
C8820,C585
C22987,C754
C15937,C743
C9743,C612
C15786,C585
C9399,C9883
C19158,C754
C5211,C754
C13740,C5721
C3556,C457
C9992,C5721
C9651,C585
C8040,C5721
C12500,C5721
C7339,C586
C8040,C5720
C18099,C585
C22731,C528
C14064,C585
C20896,C5721
C6973,C1065
C19229,C754
C3893,C5721
C5999,C585
C22412,C5721
C16258,C585
C19624,C585
C7000,C5721
C1503,C1763
C7822,C585
C11910,C585
C991,C5721
C10012,C5721
C10962,C5720
C10012,C5720
C22179,C5720
C3185,C754
C13088,C5720
C16379,C2109
C19065,C586
C20546,C754
C7697,C585
C182,C5720
C13378,C754
C577,C7298
C1663,C2109
C938,C585
C7633,C585
C1086,C585
C9747,C5720
C27137,C2651
C8939,C457
C10572,C2109
C16760,C5096
C14884,C585
C16358,C585
C10342,C5721
C1490,C5720
C14581,C585
C1418,C754
C6007,C585
C12810,C743
C2968,C5720
C6169,C7730
C64,C529
C3596,C585
C13166,C467
C18502,C5721
C22171,C5720
C10792,C5720
C18351,C585
C11607,C5720
C11567,C5720
C18558,C5721
C10118,C22396
C16498,C754
C16182,C585
C8673,C625
C19676,C5721
C869,C585
C1459,C5720
C15744,C5721
C7618,C585
C13669,C754
C18152,C529
C8506,C5721
C21491,C585
C13755,C5736
C1478,C585
C16919,C585
C7714,C585
C592,C17640
C7705,C5720
C11629,C743
C8565,C585
C10403,C5720
C19780,C743
C7800,C585
C3349,C894
C11888,C585
C6799,C5721
C9990,C585
C9095,C585
C15485,C5720
C7824,C625
C12552,C5720
C9950,C2109
C20903,C529
C19881,C743
C9820,C2651
C11096,C754
C18898,C5721
C1246,C585
C12486,C5720
C13903,C585
C1111,C585
C15418,C5721
C1300,C467
C15418,C5720
C17186,C3574
C1213,C5721
C745,C504
C6947,C5721
C1567,C2983
C1038,C5721
C13225,C585
C9311,C586
C7501,C585
C10753,C529
C10587,C585
C22828,C754
C13596,C5721
C441,C754
C13937,C529
C12677,C585
C14897,C5721
C19290,C1065
C7622,C529
C7394,C585
C891,C5720
C11673,C5721
C16447,C743
C8084,C2651
C20082,C612
C1514,C585
C12111,C585
C659,C585
C7910,C754
C11374,C457
C12889,C457
C12616,C5720
C8962,C5721
C23189,C754
C13294,C2651
C13205,C5721
C20425,C612
C11267,C457
C19560,C586
C20363,C5721
C6935,C586
C12170,C585
C16399,C586
C14523,C529
C9635,C743
C13931,C5463
C1813,C585
C17854,C625
C6409,C5721
C11729,C754
C6115,C5720
C14216,C743
C22301,C5721
C2485,C754
C1454,C585
C15049,C585
C4698,C5720
C11922,C754
C11576,C5721
C10779,C5721
C20642,C5721
C5923,C1065
C9974,C2109
C10407,C585
C16816,C585
C12129,C585
C20042,C5721
C17464,C467
C9766,C585
C1232,C585
C1775,C5720
C1541,C5720
C21800,C5736
C6538,C585
C547,C5463
C22752,C457
C1746,C5721
C4761,C5720
C1746,C5720
C4284,C743
C11516,C2651
C8100,C5720
C5901,C585
C8849,C5720
C9222,C585
C18610,C5721
C228,C585
C11961,C5720
C6590,C5721
C14969,C2519
C10843,C5721
C7771,C5720
C10843,C5720
C2341,C586
C23653,C586
C13258,C586
C2378,C585
C14692,C5721
C16867,C585
C16841,C585
C17796,C5720
C18584,C585
C1517,C5720
C7093,C5720
C17808,C5720
C16328,C585
C14284,C585
C11039,C529
C6304,C585
C11665,C1065
C16522,C585
C10599,C3245
C9330,C5720
C7586,C5463
C13314,C5720
C1845,C5721
C11506,C5721
C7089,C585
C2710,C1065
C6705,C5721
C11551,C585
C11103,C585
C2970,C585
C21402,C585
C9281,C586
C14307,C754
C8437,C585
C11364,C585
C11468,C585
C4915,C754
C19292,C1065
C12341,C754
C15272,C457
C12042,C585
C10999,C585
C149,C5721
C12693,C5721
C21152,C754
C149,C5720
C9192,C754
C6012,C5721
C12693,C5720
C14441,C585
C9093,C743
C22592,C754
C7964,C585
C19929,C625
C10966,C743
C12418,C2651
C16524,C754
C13998,C743
C8464,C585
C12399,C529
C9558,C754
C18550,C585
C20933,C5721
C21036,C585
C18619,C5720
C7643,C5721
C10821,C1065
C9997,C5721
C1139,C5721
C18961,C5720
C9631,C754
C17636,C2651
C6961,C5721
C9473,C5721
C7539,C586
C6961,C5720
C5841,C585
C20179,C457
C18613,C585
C12550,C585
C7876,C585
C11539,C585
C7344,C585
C9002,C5721
C15401,C585
C9425,C585
C13436,C5721
C230,C585
C4262,C585
C10821,C529
C13923,C585
C19587,C5720
C3462,C585
C12757,C585
C19132,C5736
C9038,C5721
C9051,C5721
C602,C529
C9545,C457
C1400,C5720
C18637,C5721
C10136,C585
C20880,C5721
C11768,C754
C9906,C5721
C9206,C585
C11924,C5721
C718,C5721
C20982,C5721
C16385,C5721
C1207,C743
C9353,C585
C11472,C467
C7664,C585
C1023,C585
C14471,C5720
C299,C5721
C15397,C585
C1101,C585
C16447,C529
C9384,C5721
C11129,C754
C9384,C5720
C8974,C612
C19063,C5463
C11858,C743
C8903,C2651
C3384,C625
C18654,C467
C10378,C5721
C1061,C2651
C6535,C467
C17334,C585
C19376,C585
C1414,C585
C22826,C2651
C17946,C585
C6347,C5463
C742,C2189
C316,C585
C12323,C585
C7533,C5721
C18979,C529
C6296,C2651
C13166,C743
C311,C585
C2848,C5721
C18842,C585
C207,C5721
C461,C625
C10299,C585
C20289,C529
C21138,C585
C8912,C5721
C22925,C585
C10445,C457
C5292,C95
C11122,C586
C5858,C585
C902,C612
C5163,C5721
C20163,C612
C3374,C5721
C6177,C4682
C9498,C625
C1251,C4784
C20496,C5721
C7564,C585
C7758,C585
C12122,C5463
C18339,C585
C20375,C5720
C23029,C585
C19412,C585
C15513,C5736
C11968,C5721
C17968,C5721
C18664,C585
C6832,C585
C10988,C5721
C9820,C743
C10597,C585
C14253,C3339
C10672,C585
C23458,C754
C189,C743
C8353,C5720
C10081,C5720
C9918,C585
C20842,C585
C14136,C754
C18489,C2109
C12964,C585
C10347,C2109
C20873,C754
C13303,C754
C16993,C5721
C6175,C5721
C10978,C585
C15248,C5721
C214,C1003
C18349,C585
C17693,C23790
C5904,C754
C17146,C5721
C14994,C754
C1776,C2109
C1381,C625
C528,C2189
C635,C585
C9011,C5721
C18504,C5721
C16088,C585
C2748,C585
C4474,C5721
C3100,C529
C10933,C585
C19645,C5721
C19863,C5721
C13044,C585
C372,C1065
C11470,C5721
C11523,C585
C6673,C585
C22565,C585
C7091,C5721
C17800,C2109
C13548,C1065
C17699,C754
C18722,C585
C7121,C743
C11679,C5721
C16894,C585
C11679,C5720
C7180,C585
C8441,C2109
C5778,C5721
C20051,C754
C5015,C1065
C16712,C13842
C20896,C743
C15196,C2109
C482,C585
C6281,C585
C4144,C457
C12712,C2651
C22183,C754
C9844,C5720
C6752,C5463
C2846,C585
C18684,C2651
C5828,C585
C21061,C467
C1367,C5463
C20621,C585
C16125,C5721
C16056,C457
C18650,C5721
C9238,C585
C13462,C5720
C3460,C18266
C18798,C585
C17033,C5721
C6326,C754
C9260,C2651
C9436,C585
C2708,C5721
C11358,C585
C5783,C5721
C17909,C754
C8768,C743
C6391,C754
C8340,C4784
C10118,C5721
C10892,C457
C22758,C5721
C9649,C5720
C20071,C5721
C14676,C5720
C15556,C5721
C9295,C5721
C16712,C8768
C16275,C5721
C1068,C5720
C17475,C5721
C16746,C585
C22047,C2651
C15211,C5721
C16547,C5721
C12,C457
C1000,C625
C9868,C5721
C9574,C5721
C9015,C585
C16512,C5721
C10642,C585
C22762,C585
C6515,C585
C9700,C4784
C9343,C585
C33,C585
C15202,C2651
C7794,C585
C18412,C5720
C7020,C585
C17356,C2109
C13707,C585
C12074,C5721
C2848,C2651
C1616,C457
C1207,C1065
C18005,C1065
C12636,C585
C17425,C5721
C16173,C5721
C16969,C754
C10134,C2651
C7884,C5721
C19772,C585
C12294,C5721
C7552,C754
C17693,C5650
C17854,C2026
C8011,C457
C13803,C585
C14749,C5720
C349,C5721
C4319,C5721
C3292,C585
C5910,C2174
C1360,C2651
C13847,C743
C17552,C5736
C11372,C5721
C10508,C585
C19647,C5721
C8974,C586
C9784,C585
C712,C5721
C8522,C5721
C6045,C585
C9778,C5720
C17464,C457
C18005,C529
C1082,C5721
C11738,C754
C150,C5721
C6358,C5721
C13166,C1065
C1243,C586
C21069,C5720
C12933,C5721
C21983,C5463
C15432,C5721
C21464,C585
C2255,C5721
C7950,C585
C270,C585
C19793,C2651
C12403,C5720
C8026,C467
C18763,C4784
C9941,C743
C12057,C5720
C9908,C1065
C2969,C5721
C1411,C585
C18361,C585
C22693,C231
C914,C5721
C12870,C585
C15168,C625
C1345,C5720
C22513,C585
C1398,C585
C189,C1065
C9204,C5096
C15804,C585
C1561,C5721
C19755,C754
C11449,C5721
C9512,C585
C8026,C2651
C9704,C585
C15020,C743
C19452,C2109
C1611,C5721
C12354,C5721
C11847,C5721
C8127,C585
C22714,C5721
C17180,C5736
C18113,C612
C739,C467
C1318,C5720
C542,C585
C17825,C585
C1089,C4667
C6316,C585
C10512,C743
C10010,C585
C14555,C457
C6521,C5720
C473,C585
C10779,C743
C13785,C22400
C23055,C2651
C14409,C754
C20187,C585
C7748,C585
C693,C5721
C1320,C5721
C19083,C612
C1032,C5721
C20094,C585
C19827,C5736
C21054,C457
C3145,C585
C8052,C529
C18844,C585
C9692,C1065
C13311,C754
C19961,C5721
C16280,C5721
C12831,C5721
C6456,C5721
C6765,C467
C7369,C585
C11088,C585
C5364,C585
C12570,C5720
C1623,C585
C211,C5463
C7724,C585
C11496,C5721
C11049,C5721
C812,C529
C1592,C585
C17693,C9180
C5959,C612
C9721,C754
C10833,C1065
C3890,C5721
C19848,C5721
C13825,C585
C629,C585
C22761,C706
C11472,C743
C13465,C5721
C17451,C2519
C11153,C585
C9451,C5721
C55,C585
C14132,C585
C9692,C529
C1717,C585
C7668,C5720
C18566,C625
C13078,C529
C22090,C585
C10058,C625
C8768,C1065
C11116,C585
C776,C467
C1091,C5720
C20099,C754
C772,C3468
C20520,C5721
C20664,C5721
C20664,C5720
C8346,C457
C15652,C5721
C16195,C5721
C16224,C585
C17693,C13348
C837,C2651
C10914,C585
C13424,C612
C8094,C586
C709,C528
C8782,C585
C12872,C5721
C11394,C5720
C13090,C5721
C14907,C586
C7075,C585
C903,C5721
C12175,C5721
C19996,C754
C11661,C585
C8015,C585
C7146,C5721
C14322,C585
C19797,C585
C6467,C5721
C9125,C585
C10410,C585
C6194,C585
C3680,C585
C19324,C5721
C11648,C585
C12443,C743
C955,C5721
C5258,C1065
C7168,C586
C18654,C457
C1404,C585
C9068,C5721
C19008,C5721
C14431,C754
C412,C5721
C290,C612
C19124,C585
C17693,C8681
C10039,C5721
C8958,C585
C7375,C585
C640,C585
C11466,C585
C14785,C754
C16232,C5721
C17262,C5721
C1584,C625
C7392,C585
C19354,C585
C19280,C754
C620,C585
C8645,C585
C13146,C5721
C11427,C5720
C14447,C467
C18454,C5720
C6606,C5721
C10786,C585
C4969,C754
C8348,C5721
C10609,C5721
C22166,C754
C853,C586
C16642,C585
C23012,C2651
C12367,C585
C22935,C2651
C12847,C2651
C7756,C585
C12298,C612
C16760,C5463
C16704,C457
C6602,C5721
C714,C754
C13205,C1065
C18698,C5721
C15852,C585
C1947,C612
C8007,C5721
C10392,C467
C2521,C5720
C14938,C612
C6663,C5721
C15540,C2651
C12808,C585
C10442,C585
C18462,C457
C6635,C585
C8591,C5721
C18310,C586
C13188,C585
C22118,C5721
C7369,C625
C5156,C743
C6079,C5721
C17804,C467
C1542,C5721
C8531,C5721
C2385,C5736
C23195,C754
C17415,C5721
C12273,C585
C21800,C231
C8025,C585
C12244,C585
C21325,C2519
C10779,C1065
C7210,C743
C14508,C5720
C11928,C585
C5788,C528
C545,C5721
C2767,C467
C9438,C5721
C20813,C1065
C751,C2651
C545,C5720
C17680,C754
C10638,C5720
C13248,C625
C12430,C5721
C19402,C585
C6959,C1065
C6431,C585
C8952,C529
C20750,C5721
C100,C585
C8846,C585
C18787,C585
C18593,C585
C19118,C5721
C18908,C585
C1080,C625
C11748,C585
C10208,C1395
C10964,C586
C9122,C5720
C10953,C5721
C7350,C585
C11576,C529
C11464,C5720
C18526,C585
C8472,C5720
C21052,C585
C14820,C5721
C2724,C585
C16465,C457
C12628,C625
C8526,C5463
C16809,C585
C244,C586
C1426,C5096
C11677,C585
C18141,C5720
C4962,C5721
C976,C5721
C2734,C5721
C12467,C5721
C4267,C585
C17693,C15027
C10713,C5721
C1301,C5720
C2047,C5096
C9453,C5721
C879,C585
C7339,C585
C444,C585
C2057,C4682
C18312,C754
C2849,C585
C12606,C5721
C16373,C585
C20995,C5721
C6649,C754
C17789,C612
C6273,C5720
C12135,C585
C11025,C457
C11340,C585
C18369,C585
C12770,C5736
C15958,C5720
C19863,C743
C19065,C585
C13918,C612
C6546,C585
C13638,C612
C1845,C529
C8223,C467
C12362,C5721
C829,C5721
C12362,C5720
C13191,C5720
C15775,C5720
C7726,C5721
C780,C5721
C10682,C5720
C7726,C5720
C20500,C625
C19920,C585
C12443,C1065
C13785,C22398
C10786,C625
C9945,C585
C6627,C5721
C1993,C585
C20084,C5720
C7285,C457
C16572,C2651
C19934,C4784
C1651,C5720
C21207,C612
C6259,C612
C7643,C1065
C17693,C26866
C17815,C625
C9154,C2651
C16125,C743
C8331,C625
C18674,C467
C1501,C3245
C20220,C625
C9460,C585
C19410,C5721
C739,C743
C3442,C585
C999,C5721
C1383,C5721
C9159,C743
C6240,C5721
C7742,C585
C1567,C4667
C16273,C5721
C19861,C585
C11885,C5720
C8853,C5721
C18863,C585
C7647,C5721
C4253,C585
C15993,C5721
C16547,C743
C14206,C5721
C645,C2651
C13489,C457
C7215,C586
C16616,C585
C14152,C585
C4487,C5720
C8542,C5721
C247,C743
C7889,C5463
C12194,C585
C19632,C585
C21183,C585
C4711,C585
C1187,C585
C16784,C625
C12074,C743
C11011,C5721
C13262,C585
C12387,C585
C21714,C5721
C15168,C2026
C274,C1065
C2039,C448
C937,C5721
C11455,C754
C11194,C754
C18796,C5721
C20884,C9883
C17348,C5721
C10858,C5721
C12382,C5721
C6377,C457
C12461,C5721
C22370,C2651
C9311,C585
C6754,C612
C1206,C2651
C801,C5720
C1740,C5721
C2372,C2651
C1192,C5721
C16318,C5721
C12753,C5721
C8109,C5720
C56,C585
C12753,C5720
C14816,C585
C6179,C5721
C6349,C5721
C7687,C625
C614,C585
C9032,C585
C776,C743
C11879,C625
C11035,C585
C2811,C585
C17157,C754
C8316,C585
C150,C743
C2162,C585
C12116,C5721
C7407,C585
C7073,C5720
C7649,C5721
C21514,C754
C20413,C5720
C16399,C585
C8887,C743
C18139,C585
C13726,C754
C20257,C754
C7740,C585
C7305,C5721
C6544,C5721
C2255,C743
C13228,C9883
C7290,C5721
C12091,C5720
C6146,C5721
C9676,C586
C10003,C3065
C7956,C585
C9208,C2651
C3762,C585
C20496,C1065
C16262,C467
C10445,C2109
C13916,C585
C1030,C5721
C11938,C585
C12680,C754
C12040,C2109
C10453,C754
C21482,C754
C11571,C5721
C20455,C5721
C15554,C2519
C7666,C5721
C20199,C585
C5511,C585
C13585,C585
C20197,C5721
C17693,C4773
C22677,C5721
C20067,C625
C6460,C5720
C11637,C5721
C23042,C5721
C12428,C585
C18632,C5721
C11637,C5720
C21614,C5720
C2873,C754
C19116,C5721
C12917,C5721
C9743,C585
C1209,C585
C8717,C5720
C22802,C754
C18599,C585
C8472,C612
C20760,C585
C15441,C457
C8873,C585
C13223,C585
C7466,C5720
C19092,C585
C11376,C5720
C1019,C585
C867,C585
C22154,C26737
C10988,C529
C13724,C585
C19863,C1065
C12649,C5721
C13258,C585
C12668,C467
C537,C585
C2560,C5720
C12857,C5721
C912,C467
C355,C5720
C13640,C585
C7689,C5721
C16179,C612
C8304,C5721
C10047,C467
C2057,C5720
C14467,C5721
C11815,C585
C8026,C1065
C379,C504
C66,C5720
C11872,C5463
C7968,C5720
C18365,C5720
C15707,C585
C11391,C2651
C23090,C754
C9739,C5721
C6542,C5721
C21182,C754
C5453,C5720
C1350,C5721
C21653,C5721
C6081,C5720
C12960,C5721
C890,C5826
C3478,C2651
C9605,C5721
C3542,C5721
C9281,C585
C2536,C585
C17528,C5721
C9611,C585
C9954,C3574
C16782,C585
C3662,C585
C14069,C585
C4501,C586
C10819,C529
C19045,C585
C28,C585
C13335,C5721
C13559,C5721
C739,C1065
C12387,C625
C1663,C5721
C3097,C585
C1663,C5720
C1883,C5721
C20265,C14122
C14961,C5720
C1008,C585
C17804,C743
C11300,C2651
C8897,C467
C9159,C1065
C10572,C5721
C1915,C585
C9248,C2109
C6899,C5720
C6869,C5721
C7764,C457
C7014,C2651
C12852,C5721
C20133,C754
C18945,C585
C17554,C585
C12852,C5720
C13358,C5721
C7202,C585
C11697,C5720
C19391,C5721
C21934,C5721
C21650,C585
C7320,C5721
C10118,C22399
C13134,C754
C18806,C5720
C19202,C586
C22094,C585
C15540,C457
C6464,C5721
C13486,C743
C16125,C529
C11706,C5720
C17392,C2651
C1036,C585
C958,C529
C11511,C585
C12,C2109
C688,C5463
C11841,C5721
C8544,C5720
C11414,C5720
C14606,C2651
C18032,C585
C6619,C5721
C18733,C585
C13441,C586
C7539,C585
C22113,C5721
C9250,C5720
C10716,C625
C138,C1003
C7416,C467
C15656,C5720
C17993,C5721
C11065,C5720
C9871,C585
C6935,C625
C15670,C585
C20856,C2651
C22591,C585
C17159,C5720
C10353,C585
C9641,C585
C16241,C743
C18998,C585
C18313,C5720
C9105,C5721
C894,C528
C12224,C5721
C15295,C467
C12313,C585
C7956,C625
C21823,C1883
C390,C5721
C712,C1065
C6153,C5720
C312,C585
C9504,C5721
C22824,C5720
C19818,C5721
C21302,C528
C307,C585
C14987,C5721
C20546,C586
C7722,C5720
C2891,C585
C293,C5720
C17552,C743
C9220,C586
C16071,C612
C20431,C5721
C12604,C743
C15180,C754
C12590,C585
C5352,C5721
C12860,C585
C1352,C585
C5190,C743
C19266,C585
C19458,C5463
C8424,C1973
C22965,C5720
C1403,C5721
C19111,C585
C13981,C5721
C20804,C3065
C11165,C3574
C18698,C743
C2095,C5721
C8664,C5721
C12987,C743
C8188,C5736
C10790,C612
C8657,C1065
C13142,C7298
C9057,C585
C10235,C5721
C1389,C5721
C3865,C467
C8935,C346
C11219,C467
C15038,C5463
C823,C585
C18984,C5721
C10301,C5721
C17222,C1065
C7402,C5721
C10566,C585
C22707,C586
C7379,C612
C18906,C5721
C14083,C5720
C1502,C585
C8483,C585
C5936,C612
C11122,C585
C22756,C586
C18857,C585
C1387,C612
C9190,C1065
C19446,C2651
C19641,C585
C7258,C5721
C19139,C5721
C16782,C625
C7658,C467
C20379,C5720
C21334,C5721
C3081,C754
C18072,C754
C21334,C5720
C8949,C5721
C19432,C585
C9974,C5720
C2954,C5720
C1313,C5721
C304,C5721
C18785,C1065
C10521,C5720
C22689,C585
C14584,C5720
C1008,C625
C13074,C586
C934,C3370
C17066,C754
C1463,C1065
C7940,C5721
C17849,C585
C10813,C467
C2557,C5721
C18239,C586
C12391,C5721
C10177,C585
C6521,C529
C797,C529
C13772,C5721
C18833,C5720
C22193,C5721
C22618,C754
C6553,C5736
C14922,C743
C17662,C5721
C9190,C529
C1429,C585
C1195,C5721
C234,C585
C8246,C5721
C17390,C5720
C19848,C1065
C5262,C467
C8585,C585
C323,C5463
C22574,C5721
C9404,C5721
C6367,C5721
C9404,C5720
C7856,C5721
C17620,C5720
C13426,C5720
C1116,C5721
C10962,C585
C6365,C585
C9423,C586
C8661,C585
C8836,C5721
C182,C585
C20235,C585
C15652,C1065
C11352,C17640
C15527,C5720
C8501,C467
C19990,C585
C17867,C612
C9747,C585
C9416,C5721
C18846,C5721
C17693,C13043
C8225,C625
C2968,C585
C24626,C585
C16700,C5721
C13874,C529
C19068,C5721
C6014,C5721
C3591,C5721
C1073,C5721
C346,C586
C9502,C5463
C14961,C612
C1016,C585
C20486,C5721
C1250,C5721
C5946,C585
C19572,C585
C15652,C529
C17363,C585
C12451,C585
C9902,C5721
C17202,C754
C7359,C5721
C1459,C585
C13940,C585
C16262,C743
C11585,C3574
C7065,C585
C6758,C5721
C77,C585
C15013,C5721
C1537,C585
C20530,C585
C7660,C5721
C7705,C585
C5356,C754
C12199,C585
C10415,C743
C10403,C585
C13907,C754
C771,C585
C1427,C467
C3784,C743
C21185,C5721
C18654,C2109
C21380,C754
C21856,C5721
C7135,C2651
C12552,C585
C6467,C529
C7208,C585
C14136,C612
C6707,C5720
C17978,C754
C18312,C706
C9232,C5721
C12486,C585
C22866,C5720
C1464,C585
C5808,C20114
C2521,C448
C11669,C5721
C13730,C457
C13346,C754
C8400,C5721
C7482,C5720
C420,C5721
C13111,C2651
C3193,C5721
C7249,C5721
C11710,C585
C22774,C2651
C4937,C754
C13199,C5721
C5630,C754
C5921,C585
C1549,C754
C8822,C585
C19199,C5721
C8905,C5721
C8974,C585
C891,C585
C8905,C5720
C7774,C585
C19503,C5721
C19493,C5721
C12616,C585
C7936,C467
C22853,C5721
C9749,C5721
C18009,C585
C18466,C5720
C3632,C585
C18626,C5721
C19156,C5721
C2780,C3065
C7379,C586
C21216,C585
C8970,C754
C9668,C585
C8561,C625
C15880,C5721
C21510,C585
C9723,C585
C13325,C585
C645,C1065
C14500,C754
C12506,C585
C20163,C585
C22738,C2651
C19656,C612
C22660,C2069
C814,C754
C21397,C467
C13685,C585
C12670,C5721
C9194,C585
C1093,C5721
C20420,C5720
C7188,C5721
C11045,C5720
C1211,C1003
C7027,C5721
C11244,C457
C5975,C5721
C1541,C585
C10256,C5721
C20120,C625
C17693,C21814
C9849,C625
C12395,C585
C677,C585
C2532,C5721
C1882,C585
C7750,C585
C1520,C5721
C7416,C743
C17678,C5720
C8851,C585
C18850,C585
C19278,C5721
C11600,C585
C20869,C585
C11961,C585
C8802,C5721
C16383,C5721
C15765,C5721
C6747,C5721
C15753,C5721
C7771,C585
C12290,C585
C19524,C5721
C16549,C5720
C12531,C585
C8044,C5721
C3173,C5720
C18489,C5720
C17796,C585
C32,C585
C16314,C5720
C12606,C1065
C7093,C585
C17881,C2651
C22340,C2651
C22997,C585
C19701,C585
C6789,C5721
C12768,C5463
C17911,C5720
C18640,C585
C14544,C585
C20104,C529
C9914,C743
C13086,C5721
C17867,C586
C18551,C5720
C4109,C585
C16303,C3065
C19481,C585
C10083,C585
C19040,C5721
C2098,C2651
C9931,C5720
C13553,C457
C10612,C585
C16463,C5721
C11155,C585
C4085,C5721
C8151,C585
C17800,C5720
C11531,C5721
C8441,C5721
C6924,C743
C7446,C5463
C12606,C529
C7432,C5721
C8441,C5720
C6505,C5721
C19035,C585
C63,C585
C7100,C585
C22220,C5720
C11437,C5720
C22454,C2651
C11159,C625
C22523,C754
C19263,C5721
C18986,C5721
C19556,C585
C12960,C743
C5208,C5720
C10415,C1065
C113,C3468
C12236,C754
C11555,C585
C3865,C743
C8094,C585
C8475,C2651
C21746,C612
C9386,C585
C9768,C457
C10421,C5463
C22731,C754
C13408,C585
C13230,C5463
C487,C2651
C8563,C585
C11583,C5721
C7575,C585
C12180,C5721
C12133,C585
C11342,C457
C868,C585
C16480,C585
C16249,C5721
C1426,C5463
C6627,C529
C15300,C3065
C5751,C625
C10557,C5720
C8211,C612
C10087,C5721
C617,C585
C16085,C3034
C10087,C5720
C5808,C18005
C18520,C457
C18453,C5720
C15224,C585
C12434,C5721
C9493,C585
C509,C585
C2047,C5463
C5891,C585
C10061,C5721
C19526,C2651
C6939,C625
C8593,C585
C18588,C5096
C8258,C5721
C12814,C5721
C13489,C2109
C14619,C585
C19587,C585
C17356,C5721
C6707,C612
C18761,C5721
C21502,C754
C13877,C585
C543,C5721
C158,C5720
C11099,C585
C10644,C5721
C15187,C754
C9663,C585
C15873,C467
C21758,C5721
C19495,C5463
C6480,C5721
C1477,C585
C2637,C585
C10658,C585
C5262,C743
C21963,C5720
C16551,C5721
C8404,C585
C853,C585
C8248,C467
C16345,C5721
C14471,C585
C19489,C5721
C2650,C754
C17693,C14736
C11915,C1065
C191,C4784
C9370,C5720
C15276,C5463
C23093,C2651
C20149,C586
C7206,C467
C5985,C585
C8996,C5721
C8891,C5736
C1898,C5721
C9114,C585
C22085,C5720
C11059,C2109
C8825,C585
C19054,C5721
C7202,C5463
C2039,C585
C14561,C2651
C7954,C5721
C12747,C5720
C16965,C585
C7944,C2109
C8283,C585
C19414,C5721
C19656,C586
C15857,C2651
C7206,C2651
C20866,C5720
C20789,C467
C19147,C5720
C20809,C18184
C7683,C585
C10349,C5720
C14083,C586
C19033,C5721
C18542,C585
C13168,C14122
C6298,C5721
C920,C585
C10060,C5721
C22548,C754
C7416,C1065
C9024,C457
C5787,C11238
C7144,C5721
C7144,C5720
C20044,C585
C15028,C5720
C14601,C625
C4927,C5721
C19452,C5721
C2087,C5720
C8238,C586
C19083,C585
C5401,C743
C16835,C585
C1141,C5720
C19528,C5721
C7966,C585
C10081,C585
C13119,C585
C11001,C625
C10766,C5720
C1497,C585
C10187,C5721
C6641,C5721
C16482,C5721
C11870,C585
C21212,C754
C20002,C5721
C20980,C5721
C1991,C612
C20002,C5720
C21046,C585
C20980,C5720
C24710,C4592
C12453,C5721
C13216,C585
C7816,C585
C2263,C5721
C18489,C612
C19006,C467
C2263,C5720
C9042,C585
C12302,C467
C18702,C5720
C1159,C5721
C730,C585
C16026,C5463
C1857,C612
C7836,C585
C395,C10874
C20416,C754
C2602,C585
C18512,C585
C7162,C5721
C17211,C5721
C1590,C5721
C3542,C1065
C18481,C5720
C19096,C5721
C18275,C467
C12002,C585
C684,C612
C16191,C2109
C12947,C5463
C6625,C612
C6383,C585
C9091,C743
C1346,C754
C17266,C585
C59,C5721
C13128,C5721
C7936,C743
C13424,C585
C11545,C585
C8535,C585
C19332,C2109
C14076,C5720
C15996,C529
C10331,C5721
C21076,C5721
C18718,C585
C10022,C457
C19038,C2651
C5944,C585
C9262,C5721
C17895,C5720
C17693,C17105
C13318,C457
C10462,C585
C14079,C5736
C16555,C1065
C2039,C2438
C1130,C1065
C19791,C5721
C20206,C743
C6679,C5720
C7111,C585
C18910,C5721
C11405,C612
C11457,C5721
C17693,C20811
C4771,C1065
C20539,C5720
C9649,C585
C17680,C612
C7637,C5720
C14676,C585
C17693,C23674
C10796,C612
C12030,C5720
C1663,C529
C6779,C5721
C18353,C743
C1051,C585
C14194,C5721
C6189,C585
C10177,C5463
C10572,C529
C8992,C5720
C18132,C5720
C9268,C5721
C17151,C18266
C15965,C5720
C18412,C585
C290,C585
C16555,C529
C117,C457
C21902,C585
C12981,C5721
C12611,C5721
C14759,C612
C17558,C585
C4924,C754
C10150,C5720
C8082,C585
C21298,C743
C6453,C585
C547,C5721
C816,C585
C590,C529
C326,C504
C24171,C754
C23009,C5721
C141,C1065
C19787,C5721
C16344,C2651
C17693,C9881
C10380,C467
C12298,C585
C813,C585
C1253,C585
C6022,C585
C7531,C585
C6883,C586
C10867,C5721
C11578,C5720
C14625,C612
C8960,C5721
C20073,C585
C1468,C585
C10005,C586
C20218,C5463
C14356,C5721
C1337,C5720
C12036,C5736
C4977,C5463
C395,C7624
C141,C529
C7859,C5721
C2335,C585
C23211,C5721
C19780,C5720
C17693,C13035
C6715,C585
C15487,C5736
C12889,C5721
C947,C5721
C17122,C585
C11374,C5721
C10301,C1065
C9527,C5720
C6576,C585
C18971,C457
C12004,C2651
C1345,C585
C7316,C5721
C18869,C5721
C894,C1065
C13842,C743
C1388,C5721
C11527,C585
C20903,C612
C11086,C585
C15384,C585
C7390,C5721
C14288,C5720
C13981,C529
C12661,C5721
C8492,C612
C18925,C5720
C9676,C585
C5750,C5721
C2095,C529
C7296,C5736
C6177,C585
C15880,C743
C3526,C5721
C1318,C585
C14823,C5721
C17678,C586
C6417,C5721
C12463,C5721
C14220,C5721
C395,C8126
C3198,C467
C8509,C585
C2057,C2189
C344,C585
C17338,C754
C6986,C5721
C12987,C2109
C12448,C529
C3568,C585
C21095,C1065
C5787,C19636
C12798,C585
C16320,C5721
C1857,C586
C12570,C585
C9707,C5721
C2292,C504
C9091,C1065
C14166,C5721
C11717,C5720
C9357,C5720
C10434,C5720
C14377,C5720
C6945,C585
C16197,C5721
C18292,C585
C12267,C5721
C8205,C5721
C11562,C585
C3067,C585
C7542,C3574
C13680,C585
C25554,C585
C16457,C743
C13918,C585
C4,C5721
C14670,C585
C10614,C467
C13164,C585
C14134,C5721
C1091,C585
C8651,C5721
C15392,C5721
C7206,C743
C6693,C585
C1567,C448
C10559,C5721
C13086,C743
C5746,C1973
C18353,C1065
C7095,C5721
C4284,C5720
C13264,C5721
C13281,C585
C13675,C754
C22481,C754
C15462,C585
C17680,C586
C15272,C5721
C13360,C5720
C26606,C754
C6259,C585
C10796,C586
C8278,C585
C16405,C467
C11394,C585
C19063,C5721
C8831,C585
C13343,C612
C9226,C5720
C18825,C2651
C8885,C585
C18518,C585
C8851,C5463
C5554,C5721
C21445,C754
C5554,C5720
C20860,C4784
C1180,C585
C18043,C625
C18353,C529
C9733,C754
C9647,C467
C6909,C585
C111,C585
C18597,C585
C8141,C9883
C737,C754
C11948,C5721
C8515,C5721
C963,C5721
C21619,C5720
C16712,C17867
C13441,C585
C9397,C467
C6073,C4682
C49,C743
C3541,C585
C19926,C754
C6094,C5720
C420,C1065
C14683,C743
C1556,C2026
C7577,C5721
C532,C4289
C1307,C5721
C3745,C5721
C9334,C5720
C22457,C5720
C2645,C5736
C13730,C2109
C1098,C457
C13568,C754
C597,C467
C1553,C5721
C11881,C5721
C18965,C5736
C8690,C5720
C6754,C585
C1310,C5721
C1503,C5721
C794,C625
C17429,C5720
C6257,C585
C13998,C5720
C19006,C743
C12810,C612
C2710,C612
C19339,C625
C289,C5720
C16478,C585
C9545,C5721
C6528,C754
C21919,C5721
C5931,C5721
C17182,C1065
C15794,C5720
C1409,C5721
C13026,C754
C13136,C585
C19907,C5721
C8355,C585
C19907,C5720
C20532,C2519
C2521,C585
C22333,C585
C342,C1173
C13842,C1065
C19195,C5720
C12455,C5721
C7069,C5721
C13992,C457
C22300,C5720
C16734,C585
C23911,C5720
C9531,C5721
C705,C743
C7429,C5720
C14462,C754
C1279,C743
C19520,C585
C19183,C625
C592,C529
C14476,C5720
C13521,C585
C14051,C2651
C7398,C457
C19023,C5721
C7824,C5721
C16160,C5721
C8996,C743
C20505,C5720
C17701,C754
C14130,C743
C19503,C529
C19643,C585
C9929,C5721
C16592,C5720
C6998,C585
C12414,C754
C11634,C585
C12083,C5721
C11639,C585
C18123,C612
C10638,C585
C1515,C5698
C16775,C585
C22064,C9883
C14848,C457
C7318,C457
C16055,C2109
C18570,C5721
C7240,C585
C19125,C585
C8935,C754
C10445,C5721
C6893,C5463
C6308,C585
C9122,C585
C22756,C585
C18880,C2651
C15104,C743
C17459,C612
C16974,C5721
C19231,C585
C16974,C5720
C12040,C5720
C14286,C2109
C27137,C5720
C8472,C585
C20114,C743
C8924,C467
C13945,C2651
C8713,C5463
C9246,C585
C10458,C5720
C18407,C5720
C15572,C5720
C7341,C5721
C19938,C5721
C8408,C3245
C1705,C585
C13074,C585
C17693,C16739
C10529,C5463
C12089,C467
C762,C585
C8897,C2109
C242,C743
C18425,C5721
C18239,C585
C21969,C585
C19803,C457
C22027,C5721
C6761,C457
C7558,C754
C9635,C612
C19061,C2683
C10380,C743
C8812,C585
C9544,C754
C20736,C528
C11733,C743
C7728,C585
C9418,C5720
C8030,C5721
C14216,C612
C19078,C5721
C366,C754
C19191,C5721
C8172,C585
C10510,C467
C11477,C457
C10650,C585
C15958,C585
C8673,C467
C9423,C585
C9904,C585
C6667,C5720
C17039,C457
C12095,C9883
C395,C20099
C16722,C5721
C13343,C586
C12416,C5721
C13086,C529
C16722,C5720
C7912,C5736
C2521,C2438
C10438,C5720
C18328,C4784
C9820,C5720
C16371,C5721
C4144,C5721
C19703,C5721
C17749,C5721
C19335,C585
C12985,C467
C8395,C2109
C11623,C585
C6398,C754
C7054,C585
C21983,C5721
C23084,C585
C6563,C585
C14777,C612
C8327,C3245
C8257,C5789
C4891,C5721
C13952,C457
C11039,C586
C18739,C754
C12076,C5721
C126,C585
C9524,C5721
C1834,C5463
C2024,C585
C12564,C5721
C18986,C529
C9248,C5720
C8589,C14136
C10688,C585
C16903,C5721
C18529,C5721
C22908,C529
C19785,C5721
C18839,C5721
C18386,C585
C18405,C5721
C2893,C743
C4217,C5721
C11208,C585
C7834,C585
C7121,C5720
C9570,C5463
C18837,C585
C13356,C5721
C6010,C585
C12,C5720
C1158,C585
C11338,C612
C15905,C5789
C16869,C5720
C9150,C585
C14889,C467
C11665,C586
C686,C5720
C14577,C585
C7767,C5721
C13621,C5720
C6073,C5721
C17244,C5721
C17418,C5721
C12397,C585
C7641,C5721
C10701,C5721
C9256,C754
C5963,C5721
C21780,C2651
C17566,C5721
C12203,C5721
C1364,C585
C974,C585
C12203,C5720
C11545,C5463
C755,C585
C17368,C585
C8107,C585
C10537,C2651
C8011,C5721
C13483,C5721
C20862,C5720
C801,C585
C6151,C585
C17356,C529
C20714,C5721
C8996,C1065
C5948,C1065
C8180,C612
C14589,C754
C11459,C585
C13492,C754
C6480,C529
C13845,C457
C1439,C4784
C14862,C5721
C396,C754
C11537,C585
C12835,C754
C19204,C5720
C22644,C2651
C7073,C585
C177,C5721
C21748,C529
C16312,C5721
C21993,C585
C10326,C5721
C17286,C528
C924,C4784
C9120,C4784
C7633,C467
C19881,C586
C6231,C585
C18704,C585
C19922,C585
C1564,C2651
C21296,C23701
C17205,C467
C17792,C467
C7379,C585
C16405,C743
C11260,C5721
C16953,C5721
C9309,C467
C13003,C585
C20114,C1065
C16953,C5720
C4580,C5721
C11819,C585
C17512,C5720
C11589,C5720
C17994,C457
C3156,C5720
C18823,C585
C1387,C585
C17459,C586
C368,C754
C8906,C585
C9822,C5721
C22355,C5721
C7753,C5720
C979,C5721
C6332,C754
C18588,C5463
C979,C5720
C661,C1065
C69,C5720
C18142,C2651
C8643,C1922
C5742,C5720
C3596,C2651
C8458,C585
C205,C467
C8420,C5721
C4010,C5720
C15987,C5721
C17907,C5720
C15987,C5720
C11998,C5721
C6102,C5721
C8414,C5721
C10762,C5721
C8717,C585
C19993,C5721
C20802,C585
C22974,C754
C14555,C5721
C7156,C585
C19225,C5721
C19479,C5721
C8800,C5721
C252,C5720
C11768,C585
C1202,C5720
C13018,C585
C15961,C585
C11569,C754
C9941,C5720
C8524,C5721
C2209,C5463
C20289,C586
C21315,C585
C2560,C585
C16416,C5720
C19272,C585
C3223,C5720
C11888,C2651
C2057,C585
C1736,C5721
C7997,C585
C12100,C754
C21056,C585
C18365,C585
C13166,C612
C13866,C5721
C12334,C5721
C13866,C5720
C1884,C5721
C17867,C585
C10990,C585
C6081,C585
C471,C5721
C1495,C721
C21598,C585
C11900,C585
C13362,C585
C20991,C5721
C14095,C585
C11631,C743
C21800,C706
C19985,C585
C16379,C585
C16516,C5721
C20293,C467
C14961,C585
C9000,C754
C15047,C585
C7103,C5721
C17693,C24992
C9820,C612
C11643,C528
C8346,C5721
C1980,C585
C218,C5721
C1089,C1763
C11344,C5720
C6484,C585
C8346,C5720
C18769,C5721
C3100,C586
C800,C5721
C18487,C5721
C18806,C585
C9898,C743
C23140,C2651
C1453,C754
C20336,C754
C106,C5463
C19359,C5721
C2044,C529
C8342,C5720
C20207,C5721
C13391,C585
C18751,C5720
C8544,C585
C14074,C585
C1397,C5721
C7472,C5720
C20011,C5721
C7281,C5096
C16816,C467
C1055,C5721
C9250,C585
C23979,C1065
C12201,C585
C1630,C585
C16441,C585
C15049,C2651
C19530,C585
C16299,C5721
C117,C2109
C1136,C5721
C9242,C585
C372,C586
C10468,C457
C1484,C5736
C357,C754
C18313,C585
C20896,C612
C9222,C467
C9224,C5721
C13998,C586
C5015,C586
C3194,C13863
C1712,C585
C18436,C585
C22729,C1065
C22824,C585
C11120,C2021
C12943,C5736
C9718,C585
C584,C585
C19612,C5463
C8526,C5721
C20396,C5721
C16875,C585
C8868,C5721
C16841,C467
C10373,C585
C18603,C585
C21081,C585
C19825,C5721
C4013,C5721
C386,C2109
C17378,C467
C12098,C585
C14264,C5721
C10527,C5721
C13576,C457
C11037,C585
C22698,C754
C20027,C585
C8768,C612
C11770,C585
C395,C792
C18715,C2109
C16405,C1065
C2057,C2438
C22852,C585
C10138,C467
C13785,C4682
C10510,C743
C953,C5721
C23773,C5721
C8924,C457
C11374,C1065
C1349,C625
C16704,C5721
C12889,C1065
C8673,C743
C11356,C585
C11364,C467
C19127,C5721
C11105,C5721
C19653,C5721
C11267,C1065
C22258,C5736
C7720,C467
C1104,C585
C342,C1056
C6255,C5463
C7316,C1065
C24248,C5721
C16860,C5720
C10260,C585
C17693,C8131
C19656,C585
C2997,C5721
C18462,C5721
C12985,C743
C5491,C5721
C9737,C585
C21402,C2651
C14477,C754
C22685,C585
C10384,C5720
C12939,C5721
C20491,C5720
C14083,C585
C12432,C585
C22731,C612
C16650,C467
C7824,C743
C9397,C1065
C21621,C5463
C16171,C5721
C1207,C586
C11281,C585
C22123,C2519
C19965,C585
C10992,C585
C21462,C5721
C22057,C585
C245,C5721
C13309,C5720
C11267,C529
C8198,C5463
C12726,C585
C1343,C754
C2109,C23571
C9711,C5721
C2368,C585
C3534,C467
C7535,C1922
C16650,C2651
C16469,C5721
C9994,C5721
C22001,C585
C14584,C585
C4260,C585
C1050,C5721
C18363,C585
C23021,C5721
C17976,C457
C19164,C585
C19889,C5721
C9477,C585
C17693,C24340
C2286,C5720
C13646,C585
C20800,C585
C12275,C457
C22892,C5720
C11257,C586
C7200,C585
C8641,C585
C16843,C5721
C11800,C5721
C10488,C585
C16465,C5721
C11800,C5720
C17390,C585
C22909,C5720
C12267,C1065
C9351,C5720
C19762,C5721
C20667,C529
C22047,C5720
C6236,C585
C17620,C585
C13521,C5463
C347,C5721
C13426,C585
C6566,C625
C9908,C586
C18886,C585
C16214,C754
C395,C1338
C15895,C585
C15527,C585
C12763,C585
C18320,C5720
C18298,C5721
C9568,C585
C10856,C585
C8064,C5721
C9339,C585
C19356,C5721
C13264,C1065
C13811,C5463
C17057,C2651
C10134,C5720
C13197,C754
C15397,C467
C11140,C5721
C10478,C585
C13062,C4784
C12267,C529
C19416,C5721
C21043,C585
C10,C5721
C23200,C5721
C18601,C5721
C761,C5721
C18318,C5721
C814,C586
C711,C5721
C5763,C15507
C18436,C625
C10779,C612
C14364,C529
C13207,C5720
C12941,C585
C1410,C625
C18658,C585
C1554,C754
C18694,C585
C15423,C754
C15214,C528
C17792,C743
C16875,C625
C174,C754
C14061,C5721
C1567,C585
C10364,C585
C9266,C5721
C8470,C754
C8211,C585
C7285,C5721
C9291,C5721
C673,C5721
C9589,C5721
C22914,C585
C15491,C585
C9617,C5721
C11890,C5463
C9692,C586
C13418,C5721
C7206,C2109
C12076,C743
C20896,C586
C17693,C10448
C9066,C5721
C10394,C585
C6617,C5721
C10809,C5721
C19793,C5720
C9753,C5721
C10809,C5720
C6707,C585
C13350,C5463
C14958,C467
C16507,C2174
C12442,C5721
C16814,C585
C528,C2645
C15236,C585
C22866,C585
C13412,C754
C4608,C585
C20842,C467
C8577,C754
C12061,C585
C6344,C467
C22492,C585
C1240,C5721
C13489,C5720
C18092,C5720
C242,C2983
C1473,C5720
C22484,C5720
C8373,C585
C19217,C5721
C118,C17640
C432,C585
C8919,C743
C15270,C5720
C21115,C5721
C10579,C5721
C19335,C5463
C18343,C5720
C7127,C5721
C23055,C5720
C17566,C743
C819,C585
C1518,C5720
C13101,C5721
C20944,C754
C9138,C5721
C18466,C585
C23118,C585
C11215,C585
C14554,C5721
C10628,C585
C13992,C2109
C6849,C467
C20069,C585
C1132,C5721
C11285,C467
C9258,C5721
C7061,C5721
C5931,C529
C12443,C612
C180,C5721
C2551,C5721
C21165,C2109
C16671,C2109
C12996,C754
C16585,C5721
C7944,C5721
C12455,C529
C19109,C585
C14603,C585
C15705,C585
C19430,C585
C10618,C5721
C13851,C585
C10901,C5721
C19006,C2109
C12525,C5721
C247,C5720
C16420,C5721
C17935,C1065
C10445,C1065
C12920,C585
C16848,C5720
C2846,C2651
C2591,C743
C19764,C5721
C21457,C5720
C6639,C585
C16253,C5721
C8,C5720
C9694,C5720
C14330,C754
C1353,C5720
C1567,C2438
C2347,C504
C1368,C5721
C19145,C5721
C16182,C1193
C9107,C5721
C15795,C585
C2405,C2651
C14097,C585
C11462,C585
C945,C585
C6338,C743
C10757,C585
C7703,C585
C8001,C585
C17678,C585
C13771,C754
C1514,C457
C13072,C5721
C22940,C754
C15723,C5720
C20242,C743
C954,C5721
C856,C585
C15187,C586
C16069,C5720
C12682,C585
C1991,C585
C10445,C529
C22961,C754
C18566,C467
C15577,C585
C3173,C585
C18489,C585
C19578,C585
C21519,C585
C20775,C5720
C16341,C5721
C16314,C585
C9089,C2109
C1110,C5721
C16663,C585
C16746,C2008
C22210,C585
C8705,C5720
C1356,C612
C1857,C585
C1432,C754
C17911,C585
C6665,C5721
C10362,C585
C21709,C754
C9997,C1487
C3450,C5720
C14235,C625
C6192,C585
C684,C585
C2586,C585
C9098,C5463
C6625,C585
C15800,C585
C17378,C743
C8486,C5720
C9931,C585
C20025,C5721
C19326,C585
C11576,C586
C11477,C2109
C9399,C5721
C5949,C5720
C13028,C5721
C10307,C5721
C6949,C585
C21974,C585
C22835,C754
C9840,C457
C1486,C585
C6283,C585
C16191,C5721
C8371,C5721
C10739,C467
C19178,C585
C8604,C585
C1256,C5721
C5208,C585
C11405,C585
C10204,C5720
C9140,C5721
C16056,C1065
C11650,C5721
C7560,C585
C5802,C20539
C22033,C585
C624,C5721
C7133,C5721
C22462,C5721
C1039,C585
C10796,C585
C18041,C5463
C19458,C5721
C9176,C5721
C3057,C585
C4574,C585
C22935,C5720
C21337,C529
C20563,C586
C6883,C625
C5876,C585
C10892,C1065
C16650,C743
C11733,C2109
C7854,C585
C19134,C529
C16689,C585
C10589,C14980
C19622,C585
C25685,C585
C12911,C754
C13181,C5463
C10743,C5721
C20919,C585
C20736,C1065
C1381,C743
C7225,C2109
C18634,C585
C1825,C5463
C15540,C5720
C10846,C5720
C890,C1065
C6125,C585
C7918,C5721
C10010,C467
C10189,C5720
C19426,C585
C8847,C5720
C19088,C5720
C19270,C585
C17693,C13410
C4642,C754
C16581,C5721
C12705,C5721
C200,C585
C19421,C5720
C23030,C528
C9013,C5463
C19081,C585
C14779,C585
C11392,C585
C158,C585
C23047,C5721
C12977,C5721
C19470,C754
C750,C5721
C18150,C5721
C876,C625
C10114,C5721
C13970,C585
C14625,C585
C22067,C706
C6517,C5721
C11574,C585
C6253,C2109
C19238,C5720
C19854,C5720
C11319,C585
C19031,C5736
C17133,C5720
C11549,C467
C9370,C585
C17116,C529
C1616,C529
C13486,C5720
C19522,C529
C8410,C585
C22085,C585
C18852,C529
C13845,C2109
C12523,C585
C12747,C585
C8011,C529
C12218,C5721
C739,C612
C12594,C5720
C131,C585
C1000,C743
C20866,C585
C11517,C22398
C22878,C585
C17829,C5721
C1080,C467
C19147,C585
C19350,C5721
C19843,C457
C26969,C5721
C11954,C5721
C8696,C5721
C10505,C5736
C16439,C529
C12473,C5721
C6847,C5721
C913,C585
C6847,C5720
C16784,C5721
C12628,C467
C10076,C2008
C961,C504
C10326,C529
C2997,C743
C20662,C5721
C22665,C5721
C494,C5720
C15028,C585
C8947,C5721
C20155,C5721
C485,C585
C2526,C5721
C7976,C5720
C11957,C585
C14526,C5698
C2087,C585
C5362,C5721
C10620,C585
C10614,C2109
C2390,C585
C24084,C754
C12234,C585
C3384,C1065
C679,C2109
C11924,C586
C7664,C457
C14555,C1065
C986,C585
C18500,C5720
C21481,C5721
C10684,C743
C7687,C5721
C2470,C754
C11781,C585
C10626,C585
C6733,C585
C1194,C585
C6452,C5720
C16572,C5720
C19697,C5721
C15266,C5721
C15457,C754
C15721,C5720
C8223,C5720
C10138,C1065
C10390,C7298
C7626,C5721
C17693,C21248
C12172,C5736
C11557,C5826
C10118,C1487
C19290,C585
C17831,C5721
C6928,C5720
C1726,C585
C1484,C18266
C22277,C585
C261,C5721
C8645,C467
C17074,C612
C408,C457
C1168,C5720
C22050,C2651
C17879,C625
C14266,C754
C10636,C5720
C18481,C585
C5858,C457
C254,C5721
C16951,C5721
C19444,C5721
C17693,C5782
C285,C5721
C536,C5721
C17815,C467
C2842,C2651
C11246,C743
C9148,C625
C1382,C5720
C3377,C585
C18282,C585
C291,C5721
C7980,C625
C9698,C5721
C18384,C5721
C18151,C2651
C15475,C5721
C16650,C1065
C12222,C5721
C1566,C585
C7456,C2651
C17083,C754
C6917,C5463
C5582,C529
C10907,C467
C18147,C5721
C14860,C529
C394,C585
C15593,C5721
C7204,C5463
C395,C20244
C5107,C2651
C12998,C585
C2819,C5721
C16428,C5721
C18871,C5721
C7505,C743
C21946,C5721
C10988,C586
C6679,C585
C15937,C585
C14262,C5721
C20358,C2174
C12046,C625
C7413,C5720
C20406,C612
C21,C585
C7002,C586
C463,C625
C20548,C2651
C8921,C5721
C10607,C743
C22001,C5463
C8619,C2651
C7637,C585
C20317,C585
C9293,C5721
C5453,C16739
C11519,C5721
C9293,C5720
C12244,C467
C12030,C585
C8741,C2109
C7948,C5721
C4872,C585
C1211,C3468
C14690,C5720
C20011,C1065
C14176,C5721
C5878,C754
C19057,C743
C10764,C585
C8992,C585
C20119,C5721
C17338,C586
C15965,C585
C6787,C5721
C20015,C3574
C8184,C467
C10277,C585
C17010,C754
C11631,C2109
C256,C5721
C7699,C5721
C17693,C14417
C8306,C585
C2269,C754
C22289,C5721
C23398,C467
C13829,C5721
C19402,C2651
C6703,C585
C19151,C5721
C16381,C467
C23030,C2651
C10392,C612
C14738,C5721
C17693,C23507
C18566,C743
C10058,C743
C26666,C5721
C21748,C754
C8341,C5720
C12810,C585
C8196,C5463
C4100,C585
C8627,C586
C1580,C585
C17924,C2519
C23461,C5720
C17063,C585
C22092,C754
C20007,C5721
C16796,C754
C5948,C754
C13896,C585
C12496,C754
C17783,C5721
C10976,C5721
C17804,C612
C17500,C754
C11811,C5720
C7381,C2651
C6721,C5721
C7339,C467
C11398,C743
C1169,C754
C23099,C5721
C9336,C585
C23072,C585
C10311,C457
C21389,C754
C11629,C585
C10939,C5721
C10014,C585
C22706,C5721
C8653,C5721
C19780,C585
C13855,C754
C11074,C5721
C10579,C743
C3784,C5720
C16547,C586
C13750,C5721
C17217,C5463
C13279,C585
C216,C467
C1371,C585
C3568,C2389
C2833,C5720
C23286,C2651
C9527,C585
C1198,C585
C10527,C529
C11936,C585
C15902,C5721
C6018,C585
C12247,C5721
C23297,C1065
C20314,C5721
C11823,C586
C742,C1763
C19735,C5463
C11402,C5721
C21813,C2651
C7281,C5463
C11789,C625
C10684,C1065
C8,C586
C6895,C585
C1975,C585
C16241,C612
C5628,C5736
C3238,C2651
C14958,C1065
C9542,C585
C17788,C754
C19210,C585
C18923,C5720
C15737,C585
C18941,C585
C18462,C529
C20684,C585
C21159,C585
C912,C5720
C6729,C2511
C6393,C585
C16447,C585
C23297,C529
C281,C612
C1015,C5721
C373,C585
C11418,C585
C17192,C585
C10543,C585
C22571,C754
C555,C5721
C19166,C743
C9578,C585
C1426,C5721
C7314,C457
C475,C5721
C12604,C612
C14078,C5720
C19667,C5721
C9635,C585
C8887,C586
C12689,C5720
C709,C612
C8111,C585
C10154,C585
C10632,C5721
C11039,C625
C8034,C743
C9357,C585
C1304,C585
C10434,C585
C14216,C585
C8770,C754
C8910,C5721
C20938,C5721
C20361,C5721
C1218,C5721
C16961,C5826
C14853,C467
C15180,C585
C16843,C529
C18783,C5721
C6196,C5721
C15156,C5720
C6318,C585
C12951,C5721
C16465,C529
C17163,C585
C7654,C5721
C16332,C585
C17993,C2511
C15268,C754
C7460,C2651
C13492,C612
C19867,C585
C22863,C754
C8941,C5463
C4711,C2651
C9599,C585
C1993,C1763
C19852,C5720
C235,C5721
C6051,C5721
C12919,C5721
C13248,C743
C11061,C585
C14967,C2109
C4284,C585
C13553,C5721
C22031,C585
C9430,C5720
C10675,C585
C13360,C585
C6477,C585
C14982,C754
C3916,C2651
C8064,C529
C4334,C5721
C9226,C585
C7285,C1065
C10026,C5721
C4334,C5720
C12733,C5721
C6935,C467
C5311,C754
C12628,C743
C18028,C585
C21271,C2519
C17481,C5721
C7956,C467
C14922,C612
C15288,C2651
C17264,C754
C19057,C529
C10058,C1065
C16258,C2109
C9768,C5720
C18894,C585
C18155,C5736
C13600,C5720
C20135,C529
C11338,C585
C21619,C585
C5927,C585
C4388,C5721
C296,C585
C8901,C5720
C19737,C5720
C16790,C585
C18520,C5721
C10821,C625
C12927,C585
C11398,C1065
C10012,C5096
C8280,C585
C7367,C585
C11334,C585
C5913,C585
C22465,C585
C9093,C585
C15836,C585
C19240,C5721
C20185,C5721
C22729,C754
C9186,C5721
C19240,C5720
C8426,C585
C203,C585
C87,C585
C4777,C585
C10709,C5721
C8690,C585
C18184,C2109
C10037,C5721
C13001,C5720
C98,C5721
C9566,C585
C16492,C586
C5015,C585
C15833,C625
C867,C467
C10739,C1065
C289,C585
C23192,C5721
C8180,C585
C9317,C5721
C2341,C467
C10179,C5721
C6522,C585
C16447,C625
C1201,C2651
C10678,C5721
C21612,C1065
C14233,C743
C22746,C5721
C19195,C585
C154,C529
C22746,C5720
C10980,C585
C1039,C5463
C17815,C743
C8719,C585
C20035,C5720
C7802,C585
C23911,C585
C20613,C585
C6652,C5720
C18197,C5720
C16018,C585
C7658,C5720
C13640,C2651
C17887,C528
C19898,C5721
C20505,C585
C10579,C529
C10907,C743
C454,C585
C3273,C585
C6123,C5721
C12021,C1875
C15729,C5721
C11944,C5721
C20442,C5720
C20681,C467
C14059,C2651
C2655,C612
C6931,C467
C7292,C5721
C8840,C5721
C3097,C467
C7192,C467
C18963,C754
C6071,C2109
C7190,C585
C12956,C585
C6931,C22400
C16004,C5720
C20336,C612
C21556,C5720
C8236,C585
C7806,C5720
C281,C586
C6596,C585
C20781,C5721
C4137,C5721
C50,C529
C6834,C5463
C1207,C585
C9024,C5721
C202,C5721
C7944,C529
C22486,C585
C16784,C743
C17857,C5721
C1569,C2651
C6433,C585
C12604,C586
C8637,C5721
C10227,C5721
C912,C612
C12525,C529
C14010,C5721
C858,C5721
C18407,C585
C709,C586
C15572,C585
C710,C612
C1514,C2109
C3634,C5721
C11858,C585
C3634,C5720
C11932,C2651
C12651,C467
C6635,C457
C99,C5721
C19477,C5463
C10960,C585
C6659,C585
C11257,C585
C16381,C743
C20570,C586
C6551,C529
C22149,C5736
C12609,C5721
C1602,C612
C13248,C1065
C11641,C5721
C2633,C5720
C13166,C585
C8789,C585
C416,C5721
C646,C5721
C6853,C5721
C646,C5720
C8897,C612
C8266,C5721
C22471,C585
C12345,C585
C9562,C5721
C1801,C585
C18562,C5720
C21723,C5721
C15213,C754
C15530,C5721
C7135,C5720
C6667,C585
C10321,C5720
C16941,C5463
C14549,C585
C7746,C5720
C10438,C585
C5981,C585
C3992,C585
C9820,C585
C1849,C585
C189,C585
C19750,C754
C6001,C743
C8956,C5721
C14674,C5721
C112,C585
C15366,C585
C10043,C585
C17693,C20230
C216,C743
C8745,C585
C13416,C5721
C16545,C585
C12665,C585
C314,C585
C1539,C5463
C17673,C5720
C7416,C612
C22774,C5720
C10022,C5721
C17693,C548
C6589,C585
C18872,C5721
C23276,C754
C13318,C5721
C25845,C585
C13052,C5721
C6643,C743
C17378,C2109
C21035,C5721
C16488,C5720
C8084,C585
C16090,C5721
C16026,C2651
C18514,C585
C624,C529
C6133,C585
C453,C754
C16373,C457
C9992,C585
C13294,C585
C21102,C18266
C22462,C529
C23156,C5720
C21050,C5721
C6077,C5721
C5834,C743
C11725,C5721
C11725,C5720
C348,C18266
C9914,C612
C1269,C2651
C15040,C5721
C13490,C529
C16638,C585
C20896,C585
C607,C5721
C16869,C585
C20887,C5721
C15358,C754
C15880,C2511
C14182,C5721
C16901,C585
C686,C585
C22412,C585
C14182,C5720
C7000,C585
C13621,C585
C19711,C3574
C70,C5721
C10219,C5721
C15500,C754
C8086,C585
C6867,C5721
C2827,C5721
C22332,C2651
C21995,C5720
C117,C5721
C22161,C4784
C117,C5720
C22738,C5720
C6924,C612
C11560,C5721
C9615,C1065
C21643,C5720
C12960,C612
C6661,C457
C17833,C5721
C10827,C743
C20862,C585
C14345,C5720
C8768,C585
C12387,C743
C10907,C1065
C1067,C5721
C8429,C5721
C2934,C754
C6275,C5720
C20265,C5721
C18336,C5720
C11992,C585
C2410,C5721
C940,C754
C18502,C585
C7227,C585
C542,C366
C1469,C5720
C1129,C2983
C18411,C5720
C386,C5721
C5763,C24510
C3059,C2109
C16461,C5720
C909,C2651
C19021,C1065
C21356,C754
C10305,C754
C10020,C5721
C19204,C585
C3916,C743
C19221,C5720
C23812,C529
C15315,C754
C16555,C612
C8506,C585
C16354,C5720
C1002,C5721
C3670,C2109
C2254,C15865
C14629,C2651
C16784,C1065
C16477,C5721
C8192,C5721
C1266,C9883
C12504,C5721
C23030,C1065
C22781,C585
C12406,C743
C11589,C585
C667,C5721
C3156,C585
C6935,C743
C21024,C585
C16397,C25879
C6055,C5721
C912,C586
C436,C5674
C18660,C2174
C343,C2651
C9096,C5721
C9311,C457
C13048,C5721
C13916,C743
C5902,C754
C12445,C5721
C22775,C754
C16784,C529
C1037,C5720
C19614,C5721
C22454,C5720
C2306,C585
C16256,C5721
C22027,C754
C614,C457
C13596,C585
C252,C585
C14897,C585
C8289,C585
C9941,C585
C11915,C586
C10289,C585
C19376,C2109
C12164,C585
C19669,C5720
C16399,C457
C1097,C1759
C3223,C585
C13687,C2651
C2287,C5720
C7499,C585
C17162,C5720
C20363,C585
C9862,C585
C11290,C585
C9230,C5721
C408,C2109
C17636,C585
C2957,C5721
C19692,C5721
C14722,C467
C6485,C467
C628,C754
C8952,C585
C11210,C467
C6885,C5720
C22364,C585
C8935,C3299
C8990,C585
C15922,C585
C22301,C585
C652,C5720
C145,C5721
C11576,C585
C17693,C585
C14238,C13717
C10779,C585
C14722,C2651
C10301,C612
C15171,C529
C72,C5721
C8804,C585
C2831,C5721
C10833,C625
C10974,C585
C20813,C585
C16514,C585
C18813,C5720
C1501,C5720
C19636,C743
C22666,C1015
C6344,C2109
C11344,C585
C12992,C585
C16303,C754
C468,C5721
C10978,C2109
C851,C5720
C19025,C5096
C6939,C467
C15324,C2021
C21686,C5720
C12337,C754
C8255,C2109
C1008,C743
C13323,C5721
C20946,C754
C15070,C5721
C1508,C457
C79,C585
C18273,C5463
C304,C612
C12749,C754
C6865,C5721
C10654,C585
C23093,C5720
C12718,C5721
C21741,C5720
C10933,C2109
C9315,C5720
C18900,C467
C14202,C5720
C14328,C5720
C5283,C585
C11472,C585
C20851,C4784
C15744,C625
C13266,C5721
C17956,C1556
C15584,C754
C1287,C2651
C495,C585
C8246,C612
C11506,C585
C6296,C585
C10664,C5463
C14853,C1065
C11741,C5721
C7796,C585
C20627,C5721
C11609,C467
C10896,C529
C22961,C612
C12013,C5721
C9091,C612
C14199,C5721
C3542,C586
C10555,C5720
C13875,C585
C2277,C754
C21201,C5721
C15300,C754
C17693,C14398
C1228,C5721
C8207,C625
C9161,C585
C9966,C5721
C8547,C585
C7303,C5721
C6012,C585
C7628,C585
C12251,C585
C12373,C585
C9687,C2109
C17772,C5721
C10245,C1922
C11253,C5721
C12714,C585
C14449,C5721
C22930,C5721
C10271,C585
C1013,C5721
C16291,C743
C20815,C5721
C1556,C2651
C12065,C5720
C12406,C1065
C10035,C585
C21776,C754
C21949,C2651
C12443,C585
C7942,C1065
C13730,C529
C13819,C5720
C1315,C5721
C395,C14638
C12887,C585
C7643,C585
C13371,C743
C16860,C585
C3310,C5736
C807,C585
C11108,C5720
C5905,C5721
C19789,C5721
C17774,C585
C21364,C585
C972,C754
C17584,C754
C3112,C5721
C9473,C585
C9857,C585
C23458,C2519
C12710,C457
C821,C5721
C10384,C585
C20491,C585
C5843,C467
C11001,C467
C1148,C467
C11074,C529
C6918,C5721
C2660,C585
C8952,C625
C4265,C585
C9002,C585
C7942,C529
C10099,C5721
C18939,C585
C17090,C529
C9146,C5720
C8028,C5721
C12508,C5721
C6213,C585
C1440,C457
C18821,C5721
C1344,C5720
C7262,C5720
C14474,C585
C9051,C585
C14526,C5720
C18660,C585
C14848,C5721
C141,C586
C9495,C5721
C15511,C5721
C20425,C457
C4137,C743
C6696,C5721
C12021,C9883
C718,C585
C2559,C5736
C420,C612
C12085,C2651
C22892,C585
