ablation_results,all_combined_delta,best_delta,cal_auc,delta_graph_to_tabular,delta_optimizer_vs_lr,delta_tabular_to_graph,eval_auc,eval_run_id,eval_type,lr_cal_auc,lr_eval_auc,n_calibration,n_eval,n_features,n_sweep_groups,variant
,,,0.9561660786214249,,-0.0005707491516384611,,0.9791490875927962,20260519_072743,holdout,0.95392481831647,0.9797198367444346,130686,130687,5,,auth_only
"[{""name"": ""pure_tabular_only"", ""n_features"": 5, ""cal_auc"": 0.9428563093758062, ""eval_auc"": 0.9634689595664051}, {""name"": ""graph_derived_only"", ""n_features"": 15, ""cal_auc"": 0.995752579108341, ""eval_auc"": 0.9910058558355626}, {""name"": ""combined"", ""n_features"": 20, ""cal_auc"": 0.9969014425351401, ""eval_auc"": 0.9924288729870565}]",,,,0.028959913420651406,,0.001423017151493955,,20260519_072743,ablation,,,130686,130687,,,auth_only
,0.015949978225285877,0.024137235289080294,0.9499440534712342,,,,0.9694696639469581,20260519_072743,sweep,,,130686,130687,,7,auth_only
