{
  "density": 0.000980168868697737,
  "avg_clustering": 0.006056076245230552,
  "component_count": 1,
  "node_count": 11586,
  "edge_count": 131562
}