{
  "density": 0.00010607165453486531,
  "avg_clustering": 0.13621037279425757,
  "component_count": 16337,
  "node_count": 27125,
  "edge_count": 78041
}