{
  "timestamp": "2026-05-16T06:58:41.442735+00:00",
  "equal_weight_auc": -0.0,
  "optimized_auc": -0.0,
  "improvement_pct": 0.0,
  "per_feature": {
    "source_fan_out": {
      "weight_before": 0.3333333333333333,
      "weight_after": 0.3333333333333333,
      "delta": 0.0
    },
    "dst_in_degree": {
      "weight_before": 0.3333333333333333,
      "weight_after": 0.3333333333333333,
      "delta": 0.0
    },
    "dst_fan_out_ratio": {
      "weight_before": 0.3333333333333333,
      "weight_after": 0.3333333333333333,
      "delta": 0.0
    }
  }
}